"","v1","v2","v3","v4","v5","v6"
"1",1,"E_2",0,102,"m5",FALSE
"2",2,"E_5",0,NA,"m4",FALSE
"3",3,"E_4",0,108,"m3",FALSE
"4",4,"E_1",1,NA,"m2",TRUE
"5",5,"E_2",0,92,"m5",FALSE
"6",6,"E_5",0,96,"m1",FALSE
"7",7,"E_3",0,117,"m4",FALSE
"8",8,"E_2",1,104,"m4",FALSE
"9",9,"E_4",0,84,"m5",FALSE
"10",10,"E_4",1,82,"m1",FALSE
"11",11,"E_4",0,95,"m1",FALSE
"12",12,"E_5",1,105,"m1",FALSE
"13",13,"E_2",0,103,"m2",FALSE
"14",14,"E_5",0,74,"m2",FALSE
"15",15,"E_5",0,NA,"m5",FALSE
"16",16,"E_1",0,NA,"m3",FALSE
"17",17,"E_4",0,88,"m2",FALSE
"18",18,"E_2",0,98,"m3",FALSE
"19",19,"E_4",0,102,"m1",FALSE
"20",20,"E_1",0,103,"m1",FALSE
"21",21,"E_4",0,87,"m5",FALSE
"22",22,"E_2",0,105,"m1",FALSE
"23",23,"E_2",0,111,"m4",FALSE
"24",24,"E_2",0,NA,"m5",TRUE
"25",25,"E_2",0,85,"m3",FALSE
"26",26,"E_4",0,110,"m3",FALSE
"27",27,"E_3",0,87,"m4",FALSE
"28",28,"E_2",0,99,"m5",FALSE
"29",29,"E_4",0,100,"m5",FALSE
"30",30,"E_3",0,109,"m5",FALSE
"31",31,"E_4",1,84,"m4",FALSE
"32",32,"E_3",1,125,"m5",FALSE
"33",33,"E_1",1,NA,"m4",FALSE
"34",34,"E_5",0,106,"m1",FALSE
"35",35,"E_2",0,96,"m1",FALSE
"36",36,"E_3",0,86,"m4",FALSE
"37",37,"E_1",0,107,"m2",FALSE
"38",38,"E_3",0,87,"m2",FALSE
"39",39,"E_4",0,89,"m3",FALSE
"40",40,"E_2",0,114,"m5",FALSE
"41",41,"E_5",0,NA,"m5",FALSE
"42",42,"E_3",0,86,"m2",FALSE
"43",43,"E_3",1,NA,"m5",FALSE
"44",44,"E_2",0,114,"m3",FALSE
"45",45,"E_5",0,87,"m2",FALSE
"46",46,"E_4",0,97,"m2",FALSE
"47",47,"E_3",0,114,"m5",FALSE
"48",48,"E_5",0,100,"m3",FALSE
"49",49,"E_1",1,114,"m1",FALSE
"50",50,"E_3",0,100,"m5",FALSE
"51",51,"E_2",1,NA,"m3",FALSE
"52",52,"E_2",0,103,"m4",TRUE
"53",53,"E_1",1,93,"m1",FALSE
"54",54,"E_4",0,104,"m5",FALSE
"55",55,"E_3",1,112,"m5",FALSE
"56",56,"E_5",0,81,"m2",TRUE
"57",57,"E_3",0,111,"m1",FALSE
"58",58,"E_2",0,94,"m4",FALSE
"59",59,"E_1",0,94,"m5",FALSE
"60",60,"E_2",0,90,"m2",FALSE
"61",61,"E_1",0,111,"m4",FALSE
"62",62,"E_4",0,116,"m5",TRUE
"63",63,"E_4",1,NA,"m1",FALSE
"64",64,"E_1",0,91,"m5",FALSE
"65",65,"E_4",0,108,"m5",TRUE
"66",66,"E_4",0,99,"m3",FALSE
"67",67,"E_1",0,NA,"m1",FALSE
"68",68,"E_1",0,96,"m1",FALSE
"69",69,"E_4",0,98,"m5",FALSE
"70",70,"E_3",0,109,"m3",FALSE
"71",71,"E_1",0,94,"m5",FALSE
"72",72,"E_4",0,108,"m2",FALSE
"73",73,"E_3",0,90,"m2",FALSE
"74",74,"E_2",0,98,"m5",FALSE
"75",75,"E_1",0,93,"m2",FALSE
"76",76,"E_2",0,83,"m4",FALSE
"77",77,"E_3",0,93,"m4",FALSE
"78",78,"E_2",0,105,"m4",FALSE
"79",79,"E_2",0,79,"m2",FALSE
"80",80,"E_2",0,NA,"m2",FALSE
"81",81,"E_3",0,108,"m5",FALSE
"82",82,"E_4",0,118,"m1",FALSE
"83",83,"E_1",0,NA,"m2",FALSE
"84",84,"E_3",0,112,"m2",FALSE
"85",85,"E_1",1,88,"m2",FALSE
"86",86,"E_2",0,112,"m5",FALSE
"87",87,"E_2",0,112,"m5",TRUE
"88",88,"E_5",0,92,"m5",FALSE
"89",89,"E_5",0,NA,"m3",FALSE
"90",90,"E_5",0,102,"m2",FALSE
"91",91,"E_2",0,NA,"m5",FALSE
"92",92,"E_1",0,108,"m5",FALSE
"93",93,"E_5",0,84,"m3",FALSE
"94",94,"E_5",1,NA,"m2",FALSE
"95",95,"E_4",0,80,"m2",FALSE
"96",96,"E_4",0,109,"m5",FALSE
"97",97,"E_5",0,100,"m5",FALSE
"98",98,"E_3",1,110,"m5",FALSE
"99",99,"E_1",0,104,"m1",FALSE
"100",100,"E_1",0,121,"m1",FALSE
"101",101,"E_4",0,111,"m3",FALSE
"102",102,"E_2",1,122,"m3",FALSE
"103",103,"E_1",0,81,"m3",FALSE
"104",104,"E_1",0,NA,"m3",FALSE
"105",105,"E_3",0,90,"m4",FALSE
"106",106,"E_1",1,110,"m1",FALSE
"107",107,"E_1",0,102,"m2",FALSE
"108",108,"E_5",0,121,"m5",FALSE
"109",109,"E_5",0,116,"m1",FALSE
"110",110,"E_2",0,NA,"m3",FALSE
"111",111,"E_4",0,101,"m2",FALSE
"112",112,"E_4",0,107,"m3",FALSE
"113",113,"E_1",0,NA,"m1",FALSE
"114",114,"E_4",0,NA,"m2",FALSE
"115",115,"E_3",0,99,"m4",FALSE
"116",116,"E_5",1,107,"m3",FALSE
"117",117,"E_1",0,95,"m2",FALSE
"118",118,"E_5",0,100,"m4",FALSE
"119",119,"E_3",0,114,"m1",FALSE
"120",120,"E_4",0,NA,"m4",FALSE
"121",121,"E_4",0,99,"m5",FALSE
"122",122,"E_5",1,88,"m5",FALSE
"123",123,"E_5",0,NA,"m5",FALSE
"124",124,"E_1",1,NA,"m5",FALSE
"125",125,"E_5",0,116,"m1",FALSE
"126",126,"E_5",0,102,"m1",FALSE
"127",127,"E_2",0,111,"m4",FALSE
"128",128,"E_3",0,103,"m4",FALSE
"129",129,"E_1",0,106,"m1",FALSE
"130",130,"E_1",0,114,"m5",TRUE
"131",131,"E_2",0,104,"m1",FALSE
"132",132,"E_1",0,104,"m4",FALSE
"133",133,"E_2",0,111,"m5",FALSE
"134",134,"E_2",0,116,"m5",FALSE
"135",135,"E_4",0,106,"m2",TRUE
"136",136,"E_5",0,102,"m5",FALSE
"137",137,"E_5",1,103,"m4",TRUE
"138",138,"E_4",0,115,"m4",FALSE
"139",139,"E_2",0,114,"m5",FALSE
"140",140,"E_2",1,103,"m5",FALSE
"141",141,"E_5",0,NA,"m3",FALSE
"142",142,"E_4",0,92,"m4",TRUE
"143",143,"E_2",0,118,"m2",FALSE
"144",144,"E_2",0,105,"m4",FALSE
"145",145,"E_4",0,124,"m5",FALSE
"146",146,"E_5",0,116,"m5",FALSE
"147",147,"E_1",0,97,"m1",TRUE
"148",148,"E_5",1,97,"m2",FALSE
"149",149,"E_3",1,109,"m5",FALSE
"150",150,"E_3",0,84,"m5",FALSE
"151",151,"E_1",0,97,"m5",FALSE
"152",152,"E_1",0,103,"m3",FALSE
"153",153,"E_4",0,107,"m3",TRUE
"154",154,"E_3",0,91,"m2",FALSE
"155",155,"E_2",0,126,"m4",FALSE
"156",156,"E_5",1,NA,"m3",FALSE
"157",157,"E_2",0,91,"m2",FALSE
"158",158,"E_1",0,NA,"m1",FALSE
"159",159,"E_4",0,118,"m2",FALSE
"160",160,"E_4",1,95,"m4",FALSE
"161",161,"E_2",1,103,"m5",FALSE
"162",162,"E_4",0,112,"m1",FALSE
"163",163,"E_3",0,NA,"m4",FALSE
"164",164,"E_5",0,109,"m3",FALSE
"165",165,"E_3",0,114,"m1",FALSE
"166",166,"E_4",0,107,"m4",FALSE
"167",167,"E_3",0,91,"m1",FALSE
"168",168,"E_1",0,85,"m4",FALSE
"169",169,"E_4",0,107,"m3",FALSE
"170",170,"E_4",0,109,"m2",FALSE
"171",171,"E_4",0,96,"m5",FALSE
"172",172,"E_4",0,NA,"m5",TRUE
"173",173,"E_2",0,90,"m2",FALSE
"174",174,"E_3",1,89,"m2",FALSE
"175",175,"E_4",0,111,"m5",FALSE
"176",176,"E_1",0,96,"m2",FALSE
"177",177,"E_1",0,114,"m2",FALSE
"178",178,"E_4",1,93,"m1",FALSE
"179",179,"E_2",1,117,"m4",FALSE
"180",180,"E_2",1,99,"m2",TRUE
"181",181,"E_2",0,108,"m4",FALSE
"182",182,"E_5",0,120,"m2",FALSE
"183",183,"E_5",0,90,"m1",FALSE
"184",184,"E_2",0,72,"m1",FALSE
"185",185,"E_5",0,109,"m5",FALSE
"186",186,"E_1",0,93,"m1",FALSE
"187",187,"E_5",0,101,"m4",FALSE
"188",188,"E_1",0,112,"m2",TRUE
"189",189,"E_2",0,85,"m4",FALSE
"190",190,"E_2",1,112,"m4",FALSE
"191",191,"E_5",0,92,"m5",FALSE
"192",192,"E_1",0,109,"m2",FALSE
"193",193,"E_2",1,104,"m3",TRUE
"194",194,"E_5",0,101,"m5",TRUE
"195",195,"E_2",0,103,"m4",FALSE
"196",196,"E_5",1,NA,"m4",FALSE
"197",197,"E_4",0,112,"m5",TRUE
"198",198,"E_4",0,106,"m4",FALSE
"199",199,"E_2",1,94,"m2",FALSE
"200",200,"E_1",1,104,"m3",FALSE
"201",201,"E_2",1,87,"m2",FALSE
"202",202,"E_4",0,108,"m1",FALSE
"203",203,"E_2",0,111,"m3",FALSE
"204",204,"E_3",0,95,"m2",FALSE
"205",205,"E_2",0,96,"m1",FALSE
"206",206,"E_1",0,90,"m4",FALSE
"207",207,"E_1",0,99,"m5",TRUE
"208",208,"E_4",0,95,"m2",FALSE
"209",209,"E_4",0,86,"m3",FALSE
"210",210,"E_4",0,96,"m5",FALSE
"211",211,"E_1",1,119,"m4",TRUE
"212",212,"E_2",0,96,"m5",FALSE
"213",213,"E_1",1,107,"m5",FALSE
"214",214,"E_4",0,93,"m4",FALSE
"215",215,"E_1",0,108,"m3",TRUE
"216",216,"E_3",0,103,"m3",FALSE
"217",217,"E_2",0,112,"m5",TRUE
"218",218,"E_5",0,104,"m1",FALSE
"219",219,"E_2",0,101,"m4",FALSE
"220",220,"E_3",1,90,"m4",FALSE
"221",221,"E_4",0,NA,"m4",FALSE
"222",222,"E_1",1,NA,"m3",FALSE
"223",223,"E_3",0,103,"m3",FALSE
"224",224,"E_4",0,97,"m3",FALSE
"225",225,"E_2",0,96,"m1",FALSE
"226",226,"E_1",0,92,"m3",FALSE
"227",227,"E_1",0,104,"m5",FALSE
"228",228,"E_5",1,90,"m2",TRUE
"229",229,"E_5",0,88,"m3",TRUE
"230",230,"E_1",0,95,"m5",FALSE
"231",231,"E_1",0,112,"m1",FALSE
"232",232,"E_3",0,89,"m4",FALSE
"233",233,"E_3",1,100,"m1",FALSE
"234",234,"E_1",0,114,"m4",FALSE
"235",235,"E_5",0,103,"m3",FALSE
"236",236,"E_1",0,117,"m4",FALSE
"237",237,"E_3",0,86,"m3",FALSE
"238",238,"E_1",0,NA,"m1",FALSE
"239",239,"E_1",0,89,"m5",FALSE
"240",240,"E_4",0,104,"m5",FALSE
"241",241,"E_2",1,94,"m2",FALSE
"242",242,"E_5",0,109,"m2",FALSE
"243",243,"E_4",0,104,"m5",TRUE
"244",244,"E_1",0,NA,"m5",FALSE
"245",245,"E_3",0,108,"m2",FALSE
"246",246,"E_3",0,NA,"m2",FALSE
"247",247,"E_3",0,94,"m5",FALSE
"248",248,"E_4",0,101,"m5",FALSE
"249",249,"E_5",0,109,"m2",FALSE
"250",250,"E_1",0,105,"m4",FALSE
"251",251,"E_5",0,104,"m4",FALSE
"252",252,"E_3",0,NA,"m3",TRUE
"253",253,"E_1",0,NA,"m4",FALSE
"254",254,"E_3",0,90,"m2",FALSE
"255",255,"E_4",0,95,"m1",FALSE
"256",256,"E_3",1,122,"m2",FALSE
"257",257,"E_4",0,105,"m5",FALSE
"258",258,"E_3",1,82,"m1",FALSE
"259",259,"E_4",0,105,"m5",FALSE
"260",260,"E_5",1,92,"m5",FALSE
"261",261,"E_4",0,75,"m5",FALSE
"262",262,"E_5",0,NA,"m5",FALSE
"263",263,"E_2",0,102,"m5",FALSE
"264",264,"E_3",0,112,"m5",FALSE
"265",265,"E_2",0,122,"m2",FALSE
"266",266,"E_3",0,95,"m3",FALSE
"267",267,"E_5",0,NA,"m2",FALSE
"268",268,"E_3",0,89,"m1",FALSE
"269",269,"E_5",0,104,"m4",FALSE
"270",270,"E_2",0,107,"m5",FALSE
"271",271,"E_5",0,115,"m1",FALSE
"272",272,"E_2",0,94,"m2",FALSE
"273",273,"E_2",1,NA,"m5",FALSE
"274",274,"E_5",1,109,"m1",FALSE
"275",275,"E_1",0,98,"m1",FALSE
"276",276,"E_5",0,116,"m2",FALSE
"277",277,"E_2",0,99,"m4",FALSE
"278",278,"E_2",0,100,"m1",TRUE
"279",279,"E_2",0,107,"m3",FALSE
"280",280,"E_1",0,95,"m1",FALSE
"281",281,"E_2",1,108,"m5",FALSE
"282",282,"E_3",1,103,"m2",TRUE
"283",283,"E_3",1,92,"m2",FALSE
"284",284,"E_1",0,82,"m5",FALSE
"285",285,"E_1",0,NA,"m5",TRUE
"286",286,"E_3",0,92,"m5",TRUE
"287",287,"E_1",0,101,"m5",FALSE
"288",288,"E_5",1,102,"m1",FALSE
"289",289,"E_4",1,88,"m4",FALSE
"290",290,"E_4",0,111,"m3",FALSE
"291",291,"E_4",1,102,"m3",FALSE
"292",292,"E_2",0,100,"m5",FALSE
"293",293,"E_4",1,106,"m3",FALSE
"294",294,"E_3",0,119,"m3",FALSE
"295",295,"E_4",0,99,"m4",FALSE
"296",296,"E_3",0,92,"m3",FALSE
"297",297,"E_2",1,103,"m4",TRUE
"298",298,"E_3",1,105,"m2",FALSE
"299",299,"E_2",0,99,"m1",FALSE
"300",300,"E_1",1,83,"m1",FALSE
"301",301,"E_3",0,98,"m5",FALSE
"302",302,"E_2",0,81,"m4",FALSE
"303",303,"E_3",0,95,"m5",FALSE
"304",304,"E_2",1,85,"m5",FALSE
"305",305,"E_3",0,99,"m2",FALSE
"306",306,"E_2",0,107,"m3",FALSE
"307",307,"E_1",0,103,"m3",FALSE
"308",308,"E_4",0,NA,"m1",FALSE
"309",309,"E_5",0,99,"m3",FALSE
"310",310,"E_5",0,98,"m3",FALSE
"311",311,"E_4",0,90,"m1",FALSE
"312",312,"E_2",0,99,"m2",FALSE
"313",313,"E_4",0,97,"m2",FALSE
"314",314,"E_2",0,98,"m2",FALSE
"315",315,"E_5",0,114,"m3",TRUE
"316",316,"E_4",0,98,"m1",FALSE
"317",317,"E_5",0,NA,"m4",TRUE
"318",318,"E_1",0,NA,"m1",FALSE
"319",319,"E_1",0,94,"m3",FALSE
"320",320,"E_2",0,116,"m2",FALSE
"321",321,"E_4",1,97,"m5",FALSE
"322",322,"E_1",0,103,"m5",FALSE
"323",323,"E_4",1,100,"m4",TRUE
"324",324,"E_1",0,110,"m5",FALSE
"325",325,"E_1",0,102,"m5",FALSE
"326",326,"E_3",0,95,"m5",FALSE
"327",327,"E_5",0,81,"m4",FALSE
"328",328,"E_2",1,103,"m5",FALSE
"329",329,"E_1",0,109,"m2",FALSE
"330",330,"E_5",0,92,"m2",FALSE
"331",331,"E_4",0,108,"m1",FALSE
"332",332,"E_5",1,85,"m3",FALSE
"333",333,"E_5",1,83,"m2",FALSE
"334",334,"E_3",0,100,"m1",FALSE
"335",335,"E_2",0,107,"m4",FALSE
"336",336,"E_3",0,110,"m5",FALSE
"337",337,"E_4",0,99,"m3",FALSE
"338",338,"E_2",0,97,"m1",FALSE
"339",339,"E_1",0,102,"m5",TRUE
"340",340,"E_5",0,112,"m1",FALSE
"341",341,"E_3",0,112,"m5",FALSE
"342",342,"E_2",1,NA,"m2",FALSE
"343",343,"E_2",0,115,"m5",TRUE
"344",344,"E_2",0,94,"m2",FALSE
"345",345,"E_3",0,79,"m4",FALSE
"346",346,"E_2",0,98,"m5",FALSE
"347",347,"E_1",0,90,"m5",FALSE
"348",348,"E_5",0,96,"m4",FALSE
"349",349,"E_2",0,90,"m4",FALSE
"350",350,"E_2",0,NA,"m5",FALSE
"351",351,"E_1",0,121,"m3",FALSE
"352",352,"E_1",0,91,"m1",FALSE
"353",353,"E_3",1,92,"m5",FALSE
"354",354,"E_2",0,100,"m2",FALSE
"355",355,"E_2",0,NA,"m2",FALSE
"356",356,"E_1",0,100,"m4",TRUE
"357",357,"E_3",0,NA,"m5",FALSE
"358",358,"E_3",0,96,"m1",FALSE
"359",359,"E_5",0,90,"m5",FALSE
"360",360,"E_2",0,96,"m3",TRUE
"361",361,"E_5",0,113,"m4",TRUE
"362",362,"E_4",1,84,"m1",FALSE
"363",363,"E_3",0,99,"m2",FALSE
"364",364,"E_1",0,NA,"m4",FALSE
"365",365,"E_3",0,82,"m1",FALSE
"366",366,"E_1",0,95,"m1",FALSE
"367",367,"E_2",0,103,"m4",FALSE
"368",368,"E_2",1,109,"m5",FALSE
"369",369,"E_4",0,125,"m2",TRUE
"370",370,"E_5",1,100,"m5",TRUE
"371",371,"E_5",0,102,"m5",FALSE
"372",372,"E_3",0,91,"m5",FALSE
"373",373,"E_5",0,91,"m4",FALSE
"374",374,"E_5",0,105,"m3",FALSE
"375",375,"E_1",0,82,"m5",FALSE
"376",376,"E_4",0,118,"m3",FALSE
"377",377,"E_5",0,119,"m2",FALSE
"378",378,"E_4",0,89,"m2",FALSE
"379",379,"E_4",0,93,"m5",FALSE
"380",380,"E_5",0,NA,"m1",TRUE
"381",381,"E_1",0,109,"m4",FALSE
"382",382,"E_3",0,87,"m4",TRUE
"383",383,"E_2",0,117,"m4",FALSE
"384",384,"E_5",0,96,"m5",TRUE
"385",385,"E_5",0,95,"m1",FALSE
"386",386,"E_2",1,NA,"m2",FALSE
"387",387,"E_4",0,92,"m2",FALSE
"388",388,"E_3",0,NA,"m5",FALSE
"389",389,"E_5",0,92,"m1",FALSE
"390",390,"E_4",0,88,"m2",FALSE
"391",391,"E_3",0,109,"m1",FALSE
"392",392,"E_3",0,97,"m1",FALSE
"393",393,"E_4",0,111,"m2",FALSE
"394",394,"E_2",0,86,"m5",FALSE
"395",395,"E_1",0,NA,"m1",FALSE
"396",396,"E_2",0,108,"m4",FALSE
"397",397,"E_5",0,102,"m4",TRUE
"398",398,"E_3",0,117,"m4",FALSE
"399",399,"E_1",0,111,"m2",FALSE
"400",400,"E_2",1,NA,"m3",TRUE
"401",401,"E_4",1,NA,"m2",FALSE
"402",402,"E_4",0,94,"m4",FALSE
"403",403,"E_4",0,104,"m3",FALSE
"404",404,"E_1",0,111,"m3",FALSE
"405",405,"E_1",0,94,"m3",FALSE
"406",406,"E_5",1,97,"m5",TRUE
"407",407,"E_3",0,88,"m5",FALSE
"408",408,"E_2",0,105,"m3",FALSE
"409",409,"E_1",1,NA,"m5",FALSE
"410",410,"E_1",0,96,"m2",FALSE
"411",411,"E_3",1,94,"m3",FALSE
"412",412,"E_5",0,97,"m5",FALSE
"413",413,"E_4",0,100,"m1",FALSE
"414",414,"E_1",0,112,"m5",FALSE
"415",415,"E_4",0,NA,"m2",FALSE
"416",416,"E_1",0,87,"m4",FALSE
"417",417,"E_4",0,94,"m1",TRUE
"418",418,"E_3",0,107,"m3",FALSE
"419",419,"E_5",0,103,"m2",FALSE
"420",420,"E_2",0,100,"m2",TRUE
"421",421,"E_4",0,91,"m1",FALSE
"422",422,"E_1",0,92,"m5",FALSE
"423",423,"E_2",1,96,"m4",FALSE
"424",424,"E_5",0,87,"m3",FALSE
"425",425,"E_1",0,NA,"m5",FALSE
"426",426,"E_1",0,102,"m2",FALSE
"427",427,"E_2",0,99,"m4",FALSE
"428",428,"E_5",0,NA,"m5",FALSE
"429",429,"E_5",0,92,"m5",TRUE
"430",430,"E_5",0,110,"m5",FALSE
"431",431,"E_3",0,NA,"m2",FALSE
"432",432,"E_5",0,106,"m5",TRUE
"433",433,"E_1",1,101,"m2",FALSE
"434",434,"E_1",0,87,"m3",FALSE
"435",435,"E_5",0,80,"m1",FALSE
"436",436,"E_1",0,NA,"m5",FALSE
"437",437,"E_1",0,101,"m1",FALSE
"438",438,"E_2",0,91,"m5",FALSE
"439",439,"E_5",0,NA,"m2",FALSE
"440",440,"E_4",1,NA,"m5",FALSE
"441",441,"E_3",0,101,"m1",FALSE
"442",442,"E_3",0,NA,"m3",FALSE
"443",443,"E_4",0,92,"m1",FALSE
"444",444,"E_5",0,103,"m2",FALSE
"445",445,"E_2",0,NA,"m5",FALSE
"446",446,"E_2",0,87,"m3",FALSE
"447",447,"E_1",0,110,"m5",FALSE
"448",448,"E_2",1,106,"m1",FALSE
"449",449,"E_4",0,112,"m4",FALSE
"450",450,"E_1",0,NA,"m1",FALSE
"451",451,"E_3",0,91,"m3",FALSE
"452",452,"E_2",0,98,"m5",FALSE
"453",453,"E_3",0,108,"m1",FALSE
"454",454,"E_4",0,96,"m2",FALSE
"455",455,"E_1",0,96,"m5",FALSE
"456",456,"E_5",0,91,"m2",FALSE
"457",457,"E_2",1,95,"m1",FALSE
"458",458,"E_1",0,NA,"m4",FALSE
"459",459,"E_5",0,107,"m2",FALSE
"460",460,"E_1",1,NA,"m5",FALSE
"461",461,"E_4",0,89,"m2",FALSE
"462",462,"E_2",0,93,"m1",FALSE
"463",463,"E_2",0,84,"m4",FALSE
"464",464,"E_5",1,104,"m5",FALSE
"465",465,"E_3",0,102,"m5",FALSE
"466",466,"E_2",0,104,"m5",FALSE
"467",467,"E_1",1,93,"m1",FALSE
"468",468,"E_1",1,NA,"m5",FALSE
"469",469,"E_1",0,120,"m1",FALSE
"470",470,"E_1",0,NA,"m3",FALSE
"471",471,"E_5",1,99,"m1",FALSE
"472",472,"E_3",1,97,"m5",FALSE
"473",473,"E_5",0,103,"m5",FALSE
"474",474,"E_5",0,83,"m1",FALSE
"475",475,"E_2",0,96,"m3",FALSE
"476",476,"E_5",0,82,"m1",FALSE
"477",477,"E_1",0,92,"m1",FALSE
"478",478,"E_3",0,106,"m1",FALSE
"479",479,"E_5",0,112,"m2",FALSE
"480",480,"E_4",0,118,"m5",FALSE
"481",481,"E_2",0,89,"m2",FALSE
"482",482,"E_1",0,118,"m2",FALSE
"483",483,"E_3",0,92,"m5",FALSE
"484",484,"E_2",1,95,"m1",FALSE
"485",485,"E_1",0,NA,"m5",FALSE
"486",486,"E_4",0,106,"m4",FALSE
"487",487,"E_4",0,77,"m1",FALSE
"488",488,"E_3",0,101,"m3",FALSE
"489",489,"E_4",1,103,"m5",FALSE
"490",490,"E_5",1,102,"m4",FALSE
"491",491,"E_4",1,95,"m3",FALSE
"492",492,"E_3",0,96,"m5",FALSE
"493",493,"E_2",0,97,"m3",FALSE
"494",494,"E_3",0,102,"m5",FALSE
"495",495,"E_5",1,124,"m5",FALSE
"496",496,"E_3",0,NA,"m4",FALSE
"497",497,"E_2",1,104,"m5",FALSE
"498",498,"E_1",0,NA,"m5",FALSE
"499",499,"E_4",1,NA,"m4",FALSE
"500",500,"E_3",1,109,"m3",FALSE
"501",501,"E_3",0,91,"m5",TRUE
"502",502,"E_2",0,85,"m5",FALSE
"503",503,"E_2",0,92,"m1",FALSE
"504",504,"E_5",0,107,"m3",FALSE
"505",505,"E_1",0,NA,"m4",FALSE
"506",506,"E_1",1,95,"m4",FALSE
"507",507,"E_1",0,95,"m2",FALSE
"508",508,"E_5",0,106,"m3",FALSE
"509",509,"E_4",0,105,"m5",FALSE
"510",510,"E_1",1,NA,"m4",FALSE
"511",511,"E_3",0,101,"m5",FALSE
"512",512,"E_5",1,88,"m5",FALSE
"513",513,"E_3",0,82,"m3",TRUE
"514",514,"E_2",0,86,"m4",FALSE
"515",515,"E_3",0,NA,"m5",FALSE
"516",516,"E_2",0,107,"m2",FALSE
"517",517,"E_1",0,NA,"m4",FALSE
"518",518,"E_1",1,108,"m1",FALSE
"519",519,"E_3",0,111,"m5",FALSE
"520",520,"E_1",0,97,"m5",FALSE
"521",521,"E_4",0,89,"m4",FALSE
"522",522,"E_3",0,NA,"m5",FALSE
"523",523,"E_5",0,96,"m5",FALSE
"524",524,"E_5",1,104,"m3",FALSE
"525",525,"E_4",0,127,"m1",FALSE
"526",526,"E_3",1,NA,"m3",FALSE
"527",527,"E_2",0,NA,"m4",FALSE
"528",528,"E_1",0,107,"m3",TRUE
"529",529,"E_4",0,NA,"m2",FALSE
"530",530,"E_2",0,NA,"m5",FALSE
"531",531,"E_4",0,106,"m5",FALSE
"532",532,"E_3",0,NA,"m3",FALSE
"533",533,"E_4",0,96,"m2",FALSE
"534",534,"E_4",0,104,"m3",FALSE
"535",535,"E_5",1,92,"m1",FALSE
"536",536,"E_2",1,110,"m4",FALSE
"537",537,"E_5",0,88,"m3",FALSE
"538",538,"E_5",0,NA,"m5",FALSE
"539",539,"E_1",0,80,"m3",FALSE
"540",540,"E_5",0,NA,"m2",FALSE
"541",541,"E_2",0,109,"m1",FALSE
"542",542,"E_4",0,99,"m1",FALSE
"543",543,"E_5",0,NA,"m2",FALSE
"544",544,"E_5",0,115,"m5",FALSE
"545",545,"E_3",0,107,"m4",FALSE
"546",546,"E_2",0,NA,"m5",FALSE
"547",547,"E_4",0,104,"m5",FALSE
"548",548,"E_1",0,102,"m1",FALSE
"549",549,"E_2",1,97,"m2",FALSE
"550",550,"E_3",0,90,"m4",FALSE
"551",551,"E_5",1,NA,"m3",FALSE
"552",552,"E_2",0,117,"m5",FALSE
"553",553,"E_1",0,90,"m4",FALSE
"554",554,"E_5",0,105,"m5",FALSE
"555",555,"E_1",0,115,"m5",FALSE
"556",556,"E_3",0,121,"m2",FALSE
"557",557,"E_1",0,NA,"m5",FALSE
"558",558,"E_3",0,118,"m3",TRUE
"559",559,"E_2",1,94,"m2",FALSE
"560",560,"E_4",0,92,"m2",FALSE
"561",561,"E_1",0,91,"m5",FALSE
"562",562,"E_3",0,94,"m5",FALSE
"563",563,"E_5",0,96,"m3",FALSE
"564",564,"E_2",0,106,"m3",FALSE
"565",565,"E_5",0,96,"m3",FALSE
"566",566,"E_4",0,103,"m3",FALSE
"567",567,"E_1",0,98,"m5",FALSE
"568",568,"E_4",0,119,"m5",FALSE
"569",569,"E_2",1,84,"m5",FALSE
"570",570,"E_4",1,107,"m3",FALSE
"571",571,"E_5",0,113,"m2",FALSE
"572",572,"E_2",0,92,"m5",FALSE
"573",573,"E_3",0,79,"m4",FALSE
"574",574,"E_4",0,NA,"m4",FALSE
"575",575,"E_5",1,104,"m4",FALSE
"576",576,"E_2",0,107,"m4",FALSE
"577",577,"E_2",0,96,"m3",FALSE
"578",578,"E_1",0,101,"m1",FALSE
"579",579,"E_4",1,80,"m1",FALSE
"580",580,"E_5",0,NA,"m5",TRUE
"581",581,"E_3",0,102,"m4",FALSE
"582",582,"E_4",0,96,"m4",FALSE
"583",583,"E_4",0,NA,"m2",FALSE
"584",584,"E_5",0,110,"m4",FALSE
"585",585,"E_3",0,104,"m2",TRUE
"586",586,"E_3",0,113,"m3",FALSE
"587",587,"E_2",0,92,"m2",TRUE
"588",588,"E_4",0,93,"m3",FALSE
"589",589,"E_4",0,NA,"m1",TRUE
"590",590,"E_5",0,109,"m3",FALSE
"591",591,"E_4",0,NA,"m2",FALSE
"592",592,"E_2",0,92,"m4",FALSE
"593",593,"E_3",0,85,"m5",FALSE
"594",594,"E_5",0,91,"m5",FALSE
"595",595,"E_1",0,98,"m2",FALSE
"596",596,"E_5",0,88,"m4",TRUE
"597",597,"E_5",0,95,"m1",FALSE
"598",598,"E_1",0,NA,"m2",TRUE
"599",599,"E_3",0,95,"m3",FALSE
"600",600,"E_5",0,91,"m1",FALSE
"601",601,"E_4",0,108,"m1",FALSE
"602",602,"E_4",1,102,"m4",FALSE
"603",603,"E_3",0,109,"m5",FALSE
"604",604,"E_2",0,106,"m2",FALSE
"605",605,"E_5",0,NA,"m4",FALSE
"606",606,"E_5",0,116,"m2",FALSE
"607",607,"E_5",0,79,"m2",FALSE
"608",608,"E_5",0,101,"m5",FALSE
"609",609,"E_2",0,105,"m4",FALSE
"610",610,"E_1",0,87,"m5",FALSE
"611",611,"E_1",0,98,"m5",FALSE
"612",612,"E_2",0,101,"m2",FALSE
"613",613,"E_4",0,102,"m4",FALSE
"614",614,"E_5",0,89,"m5",TRUE
"615",615,"E_2",1,109,"m2",FALSE
"616",616,"E_2",0,103,"m5",FALSE
"617",617,"E_5",0,98,"m1",FALSE
"618",618,"E_1",1,93,"m4",FALSE
"619",619,"E_4",0,NA,"m1",FALSE
"620",620,"E_5",0,97,"m3",FALSE
"621",621,"E_4",0,88,"m2",FALSE
"622",622,"E_3",0,115,"m2",FALSE
"623",623,"E_3",1,79,"m5",FALSE
"624",624,"E_3",1,98,"m5",FALSE
"625",625,"E_5",0,NA,"m1",FALSE
"626",626,"E_3",0,95,"m4",FALSE
"627",627,"E_3",0,97,"m1",TRUE
"628",628,"E_3",0,NA,"m5",FALSE
"629",629,"E_1",0,98,"m5",FALSE
"630",630,"E_1",1,114,"m5",TRUE
"631",631,"E_2",0,104,"m1",TRUE
"632",632,"E_1",0,100,"m3",FALSE
"633",633,"E_3",0,101,"m2",FALSE
"634",634,"E_4",1,87,"m5",FALSE
"635",635,"E_4",0,NA,"m3",TRUE
"636",636,"E_3",0,115,"m3",FALSE
"637",637,"E_1",0,110,"m1",FALSE
"638",638,"E_3",0,90,"m2",TRUE
"639",639,"E_2",0,NA,"m5",TRUE
"640",640,"E_1",0,100,"m5",FALSE
"641",641,"E_1",1,90,"m5",FALSE
"642",642,"E_2",0,99,"m4",FALSE
"643",643,"E_1",0,93,"m3",FALSE
"644",644,"E_5",0,136,"m1",TRUE
"645",645,"E_4",0,99,"m1",FALSE
"646",646,"E_4",0,108,"m5",FALSE
"647",647,"E_1",0,95,"m2",FALSE
"648",648,"E_3",0,83,"m3",FALSE
"649",649,"E_5",1,NA,"m4",TRUE
"650",650,"E_4",0,116,"m3",FALSE
"651",651,"E_2",0,110,"m5",FALSE
"652",652,"E_3",1,115,"m2",FALSE
"653",653,"E_3",0,104,"m5",FALSE
"654",654,"E_3",0,99,"m2",FALSE
"655",655,"E_1",0,93,"m4",FALSE
"656",656,"E_5",1,93,"m4",TRUE
"657",657,"E_1",0,121,"m1",TRUE
"658",658,"E_2",1,91,"m1",FALSE
"659",659,"E_5",0,NA,"m5",FALSE
"660",660,"E_2",0,108,"m4",TRUE
"661",661,"E_3",0,NA,"m2",FALSE
"662",662,"E_2",1,98,"m5",FALSE
"663",663,"E_4",1,93,"m1",FALSE
"664",664,"E_4",0,112,"m5",FALSE
"665",665,"E_2",0,103,"m2",FALSE
"666",666,"E_2",0,101,"m4",FALSE
"667",667,"E_1",0,121,"m5",FALSE
"668",668,"E_3",0,111,"m4",FALSE
"669",669,"E_4",0,101,"m2",TRUE
"670",670,"E_5",0,92,"m5",FALSE
"671",671,"E_4",0,NA,"m4",FALSE
"672",672,"E_2",1,NA,"m3",FALSE
"673",673,"E_5",0,89,"m2",FALSE
"674",674,"E_1",0,95,"m5",TRUE
"675",675,"E_1",1,92,"m1",FALSE
"676",676,"E_4",0,101,"m4",FALSE
"677",677,"E_5",1,110,"m5",FALSE
"678",678,"E_2",0,102,"m5",FALSE
"679",679,"E_3",0,110,"m2",FALSE
"680",680,"E_1",0,111,"m5",FALSE
"681",681,"E_5",0,102,"m1",FALSE
"682",682,"E_3",0,93,"m5",FALSE
"683",683,"E_2",0,86,"m5",FALSE
"684",684,"E_4",0,117,"m3",FALSE
"685",685,"E_4",0,79,"m2",FALSE
"686",686,"E_3",0,106,"m1",FALSE
"687",687,"E_5",0,96,"m3",FALSE
"688",688,"E_1",0,76,"m1",FALSE
"689",689,"E_4",0,95,"m5",FALSE
"690",690,"E_2",0,113,"m3",FALSE
"691",691,"E_3",0,NA,"m3",FALSE
"692",692,"E_1",0,88,"m3",TRUE
"693",693,"E_1",0,115,"m2",FALSE
"694",694,"E_5",0,102,"m3",FALSE
"695",695,"E_3",1,101,"m5",FALSE
"696",696,"E_2",0,97,"m3",FALSE
"697",697,"E_1",0,102,"m5",FALSE
"698",698,"E_4",1,110,"m1",FALSE
"699",699,"E_2",1,108,"m4",FALSE
"700",700,"E_2",0,119,"m3",FALSE
"701",701,"E_3",0,91,"m4",FALSE
"702",702,"E_4",0,90,"m5",FALSE
"703",703,"E_4",0,99,"m5",FALSE
"704",704,"E_3",0,116,"m5",TRUE
"705",705,"E_4",0,NA,"m1",TRUE
"706",706,"E_5",1,102,"m4",FALSE
"707",707,"E_2",0,109,"m2",FALSE
"708",708,"E_3",0,103,"m2",FALSE
"709",709,"E_5",0,108,"m2",FALSE
"710",710,"E_3",0,94,"m5",FALSE
"711",711,"E_3",0,99,"m4",FALSE
"712",712,"E_4",0,NA,"m2",FALSE
"713",713,"E_2",1,100,"m2",FALSE
"714",714,"E_1",0,NA,"m4",FALSE
"715",715,"E_5",0,103,"m5",FALSE
"716",716,"E_2",0,122,"m1",FALSE
"717",717,"E_4",0,122,"m3",FALSE
"718",718,"E_4",0,105,"m5",FALSE
"719",719,"E_3",0,98,"m4",FALSE
"720",720,"E_5",1,111,"m2",FALSE
"721",721,"E_2",0,100,"m1",FALSE
"722",722,"E_2",1,94,"m3",FALSE
"723",723,"E_4",1,116,"m2",FALSE
"724",724,"E_1",1,107,"m5",FALSE
"725",725,"E_2",0,103,"m5",FALSE
"726",726,"E_5",0,122,"m4",FALSE
"727",727,"E_3",0,97,"m2",TRUE
"728",728,"E_4",0,105,"m5",FALSE
"729",729,"E_4",1,88,"m1",FALSE
"730",730,"E_3",0,NA,"m1",FALSE
"731",731,"E_1",1,91,"m5",FALSE
"732",732,"E_5",0,105,"m2",FALSE
"733",733,"E_3",0,NA,"m5",FALSE
"734",734,"E_1",1,118,"m2",FALSE
"735",735,"E_2",0,100,"m1",FALSE
"736",736,"E_5",0,88,"m4",TRUE
"737",737,"E_2",1,94,"m1",FALSE
"738",738,"E_2",1,NA,"m1",FALSE
"739",739,"E_5",0,84,"m4",TRUE
"740",740,"E_3",0,102,"m5",FALSE
"741",741,"E_2",1,NA,"m1",FALSE
"742",742,"E_2",0,105,"m2",FALSE
"743",743,"E_4",0,104,"m4",FALSE
"744",744,"E_4",0,NA,"m4",FALSE
"745",745,"E_1",0,104,"m4",TRUE
"746",746,"E_2",0,99,"m1",TRUE
"747",747,"E_4",0,123,"m1",FALSE
"748",748,"E_1",0,110,"m5",FALSE
"749",749,"E_5",1,89,"m1",TRUE
"750",750,"E_1",0,101,"m5",TRUE
"751",751,"E_3",0,96,"m5",FALSE
"752",752,"E_1",0,85,"m2",FALSE
"753",753,"E_5",0,NA,"m5",FALSE
"754",754,"E_1",0,89,"m4",FALSE
"755",755,"E_3",0,92,"m1",FALSE
"756",756,"E_3",0,98,"m2",TRUE
"757",757,"E_3",0,95,"m3",FALSE
"758",758,"E_1",0,104,"m1",FALSE
"759",759,"E_2",1,121,"m3",FALSE
"760",760,"E_1",1,97,"m3",FALSE
"761",761,"E_4",1,95,"m1",FALSE
"762",762,"E_5",1,105,"m4",FALSE
"763",763,"E_2",0,83,"m4",FALSE
"764",764,"E_1",1,NA,"m1",FALSE
"765",765,"E_1",0,99,"m5",TRUE
"766",766,"E_2",0,96,"m5",FALSE
"767",767,"E_1",0,NA,"m1",FALSE
"768",768,"E_4",0,111,"m3",FALSE
"769",769,"E_1",0,89,"m2",FALSE
"770",770,"E_3",0,97,"m4",FALSE
"771",771,"E_5",0,106,"m4",FALSE
"772",772,"E_5",1,99,"m5",FALSE
"773",773,"E_1",0,NA,"m5",FALSE
"774",774,"E_1",0,107,"m4",FALSE
"775",775,"E_5",0,98,"m5",FALSE
"776",776,"E_2",0,103,"m4",FALSE
"777",777,"E_1",1,109,"m5",FALSE
"778",778,"E_3",0,103,"m2",FALSE
"779",779,"E_2",0,92,"m3",FALSE
"780",780,"E_2",1,98,"m2",FALSE
"781",781,"E_1",0,91,"m1",FALSE
"782",782,"E_2",0,110,"m5",FALSE
"783",783,"E_2",0,99,"m1",FALSE
"784",784,"E_1",0,91,"m3",FALSE
"785",785,"E_3",0,95,"m3",FALSE
"786",786,"E_5",1,94,"m3",FALSE
"787",787,"E_3",1,119,"m5",FALSE
"788",788,"E_1",0,100,"m5",FALSE
"789",789,"E_4",0,88,"m5",FALSE
"790",790,"E_2",1,102,"m3",FALSE
"791",791,"E_2",1,116,"m4",FALSE
"792",792,"E_2",1,89,"m2",FALSE
"793",793,"E_4",0,99,"m5",FALSE
"794",794,"E_3",0,102,"m1",FALSE
"795",795,"E_2",1,108,"m5",FALSE
"796",796,"E_1",0,102,"m5",FALSE
"797",797,"E_1",1,104,"m3",FALSE
"798",798,"E_2",0,104,"m4",FALSE
"799",799,"E_3",0,110,"m2",FALSE
"800",800,"E_4",0,96,"m4",FALSE
"801",801,"E_1",0,89,"m5",FALSE
"802",802,"E_5",0,96,"m5",FALSE
"803",803,"E_3",1,120,"m3",FALSE
"804",804,"E_5",0,NA,"m4",FALSE
"805",805,"E_5",0,89,"m4",FALSE
"806",806,"E_2",0,93,"m5",FALSE
"807",807,"E_4",0,103,"m2",FALSE
"808",808,"E_5",0,102,"m5",FALSE
"809",809,"E_4",0,92,"m2",FALSE
"810",810,"E_1",0,88,"m5",TRUE
"811",811,"E_5",0,96,"m3",FALSE
"812",812,"E_2",0,104,"m5",FALSE
"813",813,"E_5",1,90,"m2",FALSE
"814",814,"E_5",0,118,"m1",FALSE
"815",815,"E_3",0,98,"m3",FALSE
"816",816,"E_4",0,NA,"m5",FALSE
"817",817,"E_5",0,100,"m2",FALSE
"818",818,"E_2",1,82,"m1",FALSE
"819",819,"E_1",0,103,"m3",TRUE
"820",820,"E_2",0,87,"m5",FALSE
"821",821,"E_4",0,NA,"m5",FALSE
"822",822,"E_3",1,95,"m2",FALSE
"823",823,"E_5",0,89,"m4",TRUE
"824",824,"E_4",1,111,"m5",FALSE
"825",825,"E_2",0,NA,"m1",FALSE
"826",826,"E_1",0,100,"m4",FALSE
"827",827,"E_1",0,123,"m1",FALSE
"828",828,"E_1",0,97,"m4",FALSE
"829",829,"E_3",0,97,"m5",FALSE
"830",830,"E_2",0,86,"m4",FALSE
"831",831,"E_1",0,110,"m5",FALSE
"832",832,"E_4",0,107,"m1",FALSE
"833",833,"E_1",0,98,"m4",FALSE
"834",834,"E_1",0,86,"m5",FALSE
"835",835,"E_4",0,107,"m5",FALSE
"836",836,"E_5",0,96,"m3",FALSE
"837",837,"E_5",0,86,"m5",TRUE
"838",838,"E_2",0,96,"m1",FALSE
"839",839,"E_5",0,81,"m3",FALSE
"840",840,"E_4",0,101,"m5",FALSE
"841",841,"E_2",0,90,"m2",FALSE
"842",842,"E_5",0,104,"m5",FALSE
"843",843,"E_4",0,NA,"m3",FALSE
"844",844,"E_4",0,90,"m3",FALSE
"845",845,"E_2",1,114,"m4",FALSE
"846",846,"E_1",0,120,"m5",FALSE
"847",847,"E_5",0,110,"m5",FALSE
"848",848,"E_5",0,121,"m2",FALSE
"849",849,"E_4",0,114,"m5",FALSE
"850",850,"E_4",0,105,"m5",FALSE
"851",851,"E_4",0,108,"m1",FALSE
"852",852,"E_1",1,95,"m5",FALSE
"853",853,"E_4",0,102,"m2",FALSE
"854",854,"E_4",0,102,"m1",FALSE
"855",855,"E_3",1,NA,"m4",FALSE
"856",856,"E_3",0,104,"m3",FALSE
"857",857,"E_3",0,99,"m4",FALSE
"858",858,"E_4",0,99,"m1",FALSE
"859",859,"E_4",1,98,"m1",FALSE
"860",860,"E_4",0,96,"m2",FALSE
"861",861,"E_5",1,108,"m3",FALSE
"862",862,"E_2",0,102,"m1",FALSE
"863",863,"E_2",0,NA,"m5",FALSE
"864",864,"E_3",1,98,"m1",TRUE
"865",865,"E_4",0,95,"m5",FALSE
"866",866,"E_4",0,114,"m2",FALSE
"867",867,"E_1",1,93,"m4",TRUE
"868",868,"E_3",1,101,"m1",FALSE
"869",869,"E_4",0,93,"m1",TRUE
"870",870,"E_1",0,91,"m5",FALSE
"871",871,"E_1",0,105,"m4",FALSE
"872",872,"E_1",0,100,"m3",FALSE
"873",873,"E_5",0,91,"m3",FALSE
"874",874,"E_2",1,98,"m3",FALSE
"875",875,"E_3",0,109,"m3",FALSE
"876",876,"E_4",0,102,"m5",FALSE
"877",877,"E_5",0,121,"m2",FALSE
"878",878,"E_1",0,101,"m1",FALSE
"879",879,"E_2",1,74,"m5",TRUE
"880",880,"E_5",1,101,"m2",FALSE
"881",881,"E_5",0,108,"m5",FALSE
"882",882,"E_2",0,111,"m2",FALSE
"883",883,"E_1",0,115,"m4",FALSE
"884",884,"E_4",0,96,"m1",FALSE
"885",885,"E_2",1,101,"m5",FALSE
"886",886,"E_3",0,87,"m5",FALSE
"887",887,"E_4",0,114,"m3",FALSE
"888",888,"E_3",1,87,"m1",FALSE
"889",889,"E_2",0,101,"m3",FALSE
"890",890,"E_3",0,115,"m3",FALSE
"891",891,"E_1",0,101,"m5",FALSE
"892",892,"E_3",0,100,"m3",TRUE
"893",893,"E_5",0,92,"m5",TRUE
"894",894,"E_5",0,NA,"m5",FALSE
"895",895,"E_3",0,111,"m4",TRUE
"896",896,"E_3",0,102,"m5",FALSE
"897",897,"E_5",0,104,"m4",FALSE
"898",898,"E_5",0,103,"m3",FALSE
"899",899,"E_5",1,95,"m2",FALSE
"900",900,"E_5",0,79,"m5",FALSE
"901",901,"E_1",0,82,"m1",FALSE
"902",902,"E_3",0,NA,"m5",FALSE
"903",903,"E_4",0,103,"m3",FALSE
"904",904,"E_1",0,99,"m5",FALSE
"905",905,"E_2",0,95,"m5",FALSE
"906",906,"E_5",0,114,"m5",FALSE
"907",907,"E_2",0,110,"m5",FALSE
"908",908,"E_2",0,114,"m5",FALSE
"909",909,"E_5",0,86,"m1",FALSE
"910",910,"E_4",0,100,"m1",FALSE
"911",911,"E_5",1,95,"m2",FALSE
"912",912,"E_3",1,110,"m1",FALSE
"913",913,"E_2",0,106,"m5",FALSE
"914",914,"E_1",0,109,"m4",FALSE
"915",915,"E_2",0,NA,"m3",FALSE
"916",916,"E_3",1,85,"m3",FALSE
"917",917,"E_2",0,101,"m5",FALSE
"918",918,"E_3",0,90,"m2",FALSE
"919",919,"E_5",0,NA,"m4",FALSE
"920",920,"E_5",0,102,"m3",FALSE
"921",921,"E_2",0,82,"m2",FALSE
"922",922,"E_3",0,101,"m1",FALSE
"923",923,"E_4",0,101,"m2",TRUE
"924",924,"E_1",0,94,"m4",FALSE
"925",925,"E_4",0,100,"m1",FALSE
"926",926,"E_5",0,102,"m4",FALSE
"927",927,"E_3",0,94,"m3",FALSE
"928",928,"E_1",1,98,"m5",FALSE
"929",929,"E_2",1,87,"m5",FALSE
"930",930,"E_4",0,100,"m3",FALSE
"931",931,"E_5",0,131,"m2",FALSE
"932",932,"E_3",0,106,"m2",FALSE
"933",933,"E_2",0,111,"m5",FALSE
"934",934,"E_2",0,109,"m2",FALSE
"935",935,"E_5",1,99,"m5",FALSE
"936",936,"E_4",0,111,"m4",FALSE
"937",937,"E_2",0,94,"m5",FALSE
"938",938,"E_4",0,100,"m1",FALSE
"939",939,"E_2",0,98,"m4",FALSE
"940",940,"E_3",0,86,"m4",FALSE
"941",941,"E_1",1,NA,"m5",FALSE
"942",942,"E_4",0,101,"m5",FALSE
"943",943,"E_1",0,107,"m3",FALSE
"944",944,"E_3",0,NA,"m5",FALSE
"945",945,"E_4",0,114,"m1",FALSE
"946",946,"E_3",0,110,"m1",FALSE
"947",947,"E_2",0,NA,"m4",FALSE
"948",948,"E_2",0,109,"m4",FALSE
"949",949,"E_4",0,109,"m5",FALSE
"950",950,"E_1",0,NA,"m2",FALSE
"951",951,"E_4",0,94,"m5",TRUE
"952",952,"E_1",1,116,"m5",TRUE
"953",953,"E_1",1,99,"m3",FALSE
"954",954,"E_2",0,96,"m5",TRUE
"955",955,"E_3",1,96,"m5",FALSE
"956",956,"E_4",0,NA,"m5",FALSE
"957",957,"E_3",0,91,"m1",FALSE
"958",958,"E_1",0,NA,"m2",FALSE
"959",959,"E_1",0,86,"m4",FALSE
"960",960,"E_2",0,116,"m5",FALSE
"961",961,"E_5",0,93,"m4",FALSE
"962",962,"E_4",0,105,"m4",FALSE
"963",963,"E_2",0,NA,"m3",FALSE
"964",964,"E_2",0,96,"m5",FALSE
"965",965,"E_2",0,100,"m5",FALSE
"966",966,"E_2",0,108,"m1",FALSE
"967",967,"E_3",1,101,"m1",FALSE
"968",968,"E_2",0,NA,"m3",FALSE
"969",969,"E_3",0,97,"m1",FALSE
"970",970,"E_2",0,103,"m5",FALSE
"971",971,"E_1",0,96,"m3",FALSE
"972",972,"E_2",0,90,"m4",FALSE
"973",973,"E_2",0,109,"m4",FALSE
"974",974,"E_5",1,95,"m1",FALSE
"975",975,"E_2",0,91,"m5",FALSE
"976",976,"E_5",0,102,"m5",FALSE
"977",977,"E_1",0,82,"m3",TRUE
"978",978,"E_2",1,125,"m3",FALSE
"979",979,"E_4",1,88,"m3",FALSE
"980",980,"E_5",1,NA,"m3",FALSE
"981",981,"E_4",0,98,"m3",FALSE
"982",982,"E_1",1,NA,"m1",FALSE
"983",983,"E_2",1,98,"m3",FALSE
"984",984,"E_3",1,98,"m4",FALSE
"985",985,"E_3",0,94,"m3",FALSE
"986",986,"E_5",0,80,"m5",FALSE
"987",987,"E_1",1,118,"m5",FALSE
"988",988,"E_2",0,NA,"m2",FALSE
"989",989,"E_3",0,93,"m4",FALSE
"990",990,"E_4",0,103,"m4",FALSE
"991",991,"E_1",0,90,"m2",FALSE
"992",992,"E_5",0,101,"m5",FALSE
"993",993,"E_5",0,92,"m5",FALSE
"994",994,"E_3",0,82,"m2",FALSE
"995",995,"E_3",0,NA,"m4",FALSE
"996",996,"E_5",1,98,"m2",FALSE
"997",997,"E_1",0,100,"m3",FALSE
"998",998,"E_1",0,106,"m5",TRUE
"999",999,"E_5",0,103,"m5",FALSE
"1000",1000,"E_3",0,85,"m1",FALSE
"1001",1001,"E_4",0,102,"m1",FALSE
"1002",1002,"E_5",1,92,"m1",TRUE
"1003",1003,"E_2",0,NA,"m2",FALSE
"1004",1004,"E_5",0,101,"m2",FALSE
"1005",1005,"E_5",0,NA,"m3",FALSE
"1006",1006,"E_2",0,101,"m1",FALSE
"1007",1007,"E_2",0,109,"m5",FALSE
"1008",1008,"E_3",0,93,"m5",FALSE
"1009",1009,"E_5",0,94,"m1",FALSE
"1010",1010,"E_1",0,106,"m2",FALSE
"1011",1011,"E_1",0,90,"m4",FALSE
"1012",1012,"E_2",0,NA,"m5",FALSE
"1013",1013,"E_5",0,93,"m1",FALSE
"1014",1014,"E_3",0,NA,"m3",FALSE
"1015",1015,"E_5",0,105,"m4",FALSE
"1016",1016,"E_3",1,100,"m3",FALSE
"1017",1017,"E_4",1,100,"m5",FALSE
"1018",1018,"E_5",0,97,"m2",FALSE
"1019",1019,"E_2",1,103,"m4",FALSE
"1020",1020,"E_4",1,103,"m3",FALSE
"1021",1021,"E_1",0,88,"m2",FALSE
"1022",1022,"E_2",0,110,"m2",FALSE
"1023",1023,"E_4",1,108,"m1",FALSE
"1024",1024,"E_3",0,100,"m1",FALSE
"1025",1025,"E_2",0,96,"m4",TRUE
"1026",1026,"E_1",0,94,"m4",FALSE
"1027",1027,"E_1",0,96,"m2",TRUE
"1028",1028,"E_3",0,102,"m5",TRUE
"1029",1029,"E_3",0,103,"m3",FALSE
"1030",1030,"E_1",0,87,"m4",FALSE
"1031",1031,"E_1",0,94,"m1",FALSE
"1032",1032,"E_1",0,101,"m3",FALSE
"1033",1033,"E_3",0,94,"m1",FALSE
"1034",1034,"E_2",0,105,"m5",FALSE
"1035",1035,"E_2",0,94,"m2",FALSE
"1036",1036,"E_5",0,96,"m4",FALSE
"1037",1037,"E_1",0,NA,"m2",FALSE
"1038",1038,"E_1",1,103,"m5",FALSE
"1039",1039,"E_4",0,98,"m1",FALSE
"1040",1040,"E_3",0,103,"m2",FALSE
"1041",1041,"E_1",1,102,"m3",TRUE
"1042",1042,"E_1",0,102,"m1",TRUE
"1043",1043,"E_2",1,121,"m2",FALSE
"1044",1044,"E_2",0,NA,"m1",FALSE
"1045",1045,"E_3",0,96,"m5",FALSE
"1046",1046,"E_1",1,107,"m2",TRUE
"1047",1047,"E_3",0,112,"m1",FALSE
"1048",1048,"E_5",0,100,"m5",FALSE
"1049",1049,"E_2",0,94,"m3",FALSE
"1050",1050,"E_3",0,113,"m1",FALSE
"1051",1051,"E_4",0,NA,"m5",FALSE
"1052",1052,"E_5",0,NA,"m3",TRUE
"1053",1053,"E_2",0,NA,"m5",FALSE
"1054",1054,"E_1",0,100,"m3",TRUE
"1055",1055,"E_1",0,98,"m5",FALSE
"1056",1056,"E_4",0,86,"m5",FALSE
"1057",1057,"E_5",0,86,"m5",FALSE
"1058",1058,"E_1",0,NA,"m5",FALSE
"1059",1059,"E_1",0,117,"m4",FALSE
"1060",1060,"E_3",0,101,"m1",FALSE
"1061",1061,"E_4",0,98,"m3",TRUE
"1062",1062,"E_3",0,110,"m1",FALSE
"1063",1063,"E_1",0,122,"m1",TRUE
"1064",1064,"E_1",0,NA,"m5",FALSE
"1065",1065,"E_3",0,80,"m1",FALSE
"1066",1066,"E_2",0,98,"m2",FALSE
"1067",1067,"E_1",0,136,"m3",FALSE
"1068",1068,"E_3",1,100,"m5",TRUE
"1069",1069,"E_4",0,110,"m4",FALSE
"1070",1070,"E_5",0,96,"m2",FALSE
"1071",1071,"E_2",0,107,"m5",FALSE
"1072",1072,"E_5",0,98,"m1",FALSE
"1073",1073,"E_1",1,97,"m4",FALSE
"1074",1074,"E_3",0,99,"m3",FALSE
"1075",1075,"E_4",0,107,"m4",FALSE
"1076",1076,"E_4",0,119,"m2",FALSE
"1077",1077,"E_3",0,100,"m1",FALSE
"1078",1078,"E_4",0,104,"m3",FALSE
"1079",1079,"E_5",1,107,"m3",FALSE
"1080",1080,"E_3",0,103,"m5",FALSE
"1081",1081,"E_5",0,111,"m4",FALSE
"1082",1082,"E_4",1,NA,"m3",FALSE
"1083",1083,"E_4",0,89,"m2",FALSE
"1084",1084,"E_4",0,118,"m2",FALSE
"1085",1085,"E_1",0,107,"m1",FALSE
"1086",1086,"E_3",0,90,"m1",FALSE
"1087",1087,"E_4",0,111,"m4",FALSE
"1088",1088,"E_1",0,94,"m1",TRUE
"1089",1089,"E_2",1,101,"m5",FALSE
"1090",1090,"E_1",0,108,"m4",FALSE
"1091",1091,"E_1",0,91,"m3",FALSE
"1092",1092,"E_5",0,NA,"m5",FALSE
"1093",1093,"E_3",0,97,"m2",FALSE
"1094",1094,"E_5",0,107,"m4",FALSE
"1095",1095,"E_3",0,92,"m4",FALSE
"1096",1096,"E_2",0,121,"m5",FALSE
"1097",1097,"E_1",0,123,"m5",FALSE
"1098",1098,"E_2",0,90,"m5",TRUE
"1099",1099,"E_1",0,123,"m5",FALSE
"1100",1100,"E_4",0,107,"m5",FALSE
"1101",1101,"E_5",1,95,"m2",TRUE
"1102",1102,"E_4",0,97,"m3",FALSE
"1103",1103,"E_5",0,NA,"m5",FALSE
"1104",1104,"E_5",0,95,"m1",FALSE
"1105",1105,"E_3",0,111,"m3",FALSE
"1106",1106,"E_4",0,108,"m4",FALSE
"1107",1107,"E_5",0,104,"m4",FALSE
"1108",1108,"E_1",0,NA,"m5",TRUE
"1109",1109,"E_5",0,120,"m1",FALSE
"1110",1110,"E_3",0,96,"m4",FALSE
"1111",1111,"E_4",0,113,"m4",FALSE
"1112",1112,"E_5",0,97,"m2",FALSE
"1113",1113,"E_2",0,97,"m5",FALSE
"1114",1114,"E_4",0,102,"m1",FALSE
"1115",1115,"E_3",0,114,"m2",FALSE
"1116",1116,"E_2",0,95,"m3",FALSE
"1117",1117,"E_1",0,NA,"m5",FALSE
"1118",1118,"E_5",1,95,"m1",TRUE
"1119",1119,"E_1",0,NA,"m1",FALSE
"1120",1120,"E_3",1,113,"m2",FALSE
"1121",1121,"E_5",0,88,"m1",FALSE
"1122",1122,"E_5",0,100,"m3",FALSE
"1123",1123,"E_2",1,95,"m3",FALSE
"1124",1124,"E_2",0,NA,"m5",FALSE
"1125",1125,"E_1",0,114,"m4",FALSE
"1126",1126,"E_5",0,120,"m3",FALSE
"1127",1127,"E_3",0,93,"m2",FALSE
"1128",1128,"E_2",1,NA,"m5",FALSE
"1129",1129,"E_4",0,108,"m5",FALSE
"1130",1130,"E_5",0,NA,"m4",FALSE
"1131",1131,"E_2",1,108,"m4",FALSE
"1132",1132,"E_5",0,NA,"m4",TRUE
"1133",1133,"E_2",1,103,"m5",FALSE
"1134",1134,"E_1",1,90,"m5",FALSE
"1135",1135,"E_5",0,106,"m5",FALSE
"1136",1136,"E_3",0,NA,"m5",FALSE
"1137",1137,"E_3",0,95,"m1",FALSE
"1138",1138,"E_5",0,107,"m5",FALSE
"1139",1139,"E_3",0,106,"m4",FALSE
"1140",1140,"E_3",0,101,"m5",FALSE
"1141",1141,"E_4",0,95,"m3",FALSE
"1142",1142,"E_5",0,NA,"m5",FALSE
"1143",1143,"E_2",0,103,"m5",FALSE
"1144",1144,"E_2",0,99,"m3",FALSE
"1145",1145,"E_3",0,97,"m1",FALSE
"1146",1146,"E_4",1,98,"m1",FALSE
"1147",1147,"E_1",0,113,"m3",FALSE
"1148",1148,"E_1",0,110,"m2",FALSE
"1149",1149,"E_4",0,109,"m4",FALSE
"1150",1150,"E_4",0,95,"m4",FALSE
"1151",1151,"E_2",0,112,"m1",FALSE
"1152",1152,"E_2",1,118,"m1",FALSE
"1153",1153,"E_2",0,NA,"m5",FALSE
"1154",1154,"E_2",0,117,"m5",FALSE
"1155",1155,"E_3",1,118,"m4",FALSE
"1156",1156,"E_5",0,99,"m4",FALSE
"1157",1157,"E_2",0,105,"m1",FALSE
"1158",1158,"E_4",1,NA,"m3",FALSE
"1159",1159,"E_2",0,90,"m5",FALSE
"1160",1160,"E_4",0,92,"m5",FALSE
"1161",1161,"E_2",0,95,"m2",FALSE
"1162",1162,"E_1",0,104,"m4",FALSE
"1163",1163,"E_1",0,105,"m4",TRUE
"1164",1164,"E_1",0,108,"m3",FALSE
"1165",1165,"E_5",0,109,"m3",FALSE
"1166",1166,"E_5",0,108,"m5",FALSE
"1167",1167,"E_2",0,108,"m1",FALSE
"1168",1168,"E_5",0,106,"m2",FALSE
"1169",1169,"E_1",0,101,"m3",FALSE
"1170",1170,"E_5",1,117,"m1",FALSE
"1171",1171,"E_3",1,109,"m5",FALSE
"1172",1172,"E_3",0,95,"m5",FALSE
"1173",1173,"E_5",0,101,"m3",FALSE
"1174",1174,"E_1",0,107,"m2",FALSE
"1175",1175,"E_4",0,98,"m5",TRUE
"1176",1176,"E_5",0,102,"m1",FALSE
"1177",1177,"E_2",0,109,"m5",FALSE
"1178",1178,"E_2",1,121,"m3",FALSE
"1179",1179,"E_1",0,97,"m4",FALSE
"1180",1180,"E_5",1,101,"m1",FALSE
"1181",1181,"E_3",1,102,"m5",TRUE
"1182",1182,"E_3",0,NA,"m2",FALSE
"1183",1183,"E_4",0,90,"m4",FALSE
"1184",1184,"E_3",0,98,"m1",FALSE
"1185",1185,"E_5",0,108,"m1",FALSE
"1186",1186,"E_5",0,NA,"m5",FALSE
"1187",1187,"E_5",0,99,"m4",FALSE
"1188",1188,"E_1",1,104,"m2",FALSE
"1189",1189,"E_2",0,99,"m4",FALSE
"1190",1190,"E_5",0,113,"m3",FALSE
"1191",1191,"E_3",0,95,"m1",FALSE
"1192",1192,"E_2",0,88,"m4",FALSE
"1193",1193,"E_1",0,117,"m4",FALSE
"1194",1194,"E_4",0,NA,"m3",FALSE
"1195",1195,"E_2",0,94,"m5",FALSE
"1196",1196,"E_3",0,NA,"m3",FALSE
"1197",1197,"E_2",0,93,"m4",FALSE
"1198",1198,"E_4",0,93,"m4",FALSE
"1199",1199,"E_2",0,101,"m3",FALSE
"1200",1200,"E_3",1,89,"m3",FALSE
"1201",1201,"E_2",0,NA,"m5",FALSE
"1202",1202,"E_1",0,105,"m5",FALSE
"1203",1203,"E_2",0,94,"m5",FALSE
"1204",1204,"E_5",0,100,"m5",TRUE
"1205",1205,"E_1",0,NA,"m2",FALSE
"1206",1206,"E_1",1,114,"m2",FALSE
"1207",1207,"E_2",1,97,"m1",FALSE
"1208",1208,"E_3",0,NA,"m1",FALSE
"1209",1209,"E_5",0,NA,"m5",FALSE
"1210",1210,"E_1",0,NA,"m5",FALSE
"1211",1211,"E_3",0,100,"m1",FALSE
"1212",1212,"E_3",0,NA,"m3",FALSE
"1213",1213,"E_2",0,103,"m2",FALSE
"1214",1214,"E_5",0,87,"m5",FALSE
"1215",1215,"E_2",1,107,"m2",FALSE
"1216",1216,"E_2",0,116,"m5",FALSE
"1217",1217,"E_3",0,97,"m1",TRUE
"1218",1218,"E_2",0,108,"m2",FALSE
"1219",1219,"E_4",0,97,"m4",FALSE
"1220",1220,"E_4",0,125,"m4",FALSE
"1221",1221,"E_5",0,105,"m1",FALSE
"1222",1222,"E_1",0,107,"m5",FALSE
"1223",1223,"E_4",0,NA,"m5",FALSE
"1224",1224,"E_1",0,112,"m2",FALSE
"1225",1225,"E_1",0,97,"m5",FALSE
"1226",1226,"E_5",1,110,"m2",FALSE
"1227",1227,"E_2",1,95,"m5",TRUE
"1228",1228,"E_2",0,NA,"m5",FALSE
"1229",1229,"E_2",0,127,"m5",FALSE
"1230",1230,"E_3",0,88,"m4",FALSE
"1231",1231,"E_4",0,100,"m5",TRUE
"1232",1232,"E_5",0,99,"m2",FALSE
"1233",1233,"E_5",0,91,"m1",TRUE
"1234",1234,"E_4",0,93,"m3",FALSE
"1235",1235,"E_4",0,91,"m5",FALSE
"1236",1236,"E_2",0,NA,"m2",FALSE
"1237",1237,"E_2",0,105,"m2",FALSE
"1238",1238,"E_5",1,104,"m5",FALSE
"1239",1239,"E_5",0,NA,"m1",FALSE
"1240",1240,"E_4",0,93,"m5",FALSE
"1241",1241,"E_1",0,106,"m3",FALSE
"1242",1242,"E_1",0,87,"m2",TRUE
"1243",1243,"E_2",1,NA,"m5",FALSE
"1244",1244,"E_2",0,103,"m4",FALSE
"1245",1245,"E_4",0,118,"m5",TRUE
"1246",1246,"E_5",0,107,"m4",FALSE
"1247",1247,"E_5",0,NA,"m5",FALSE
"1248",1248,"E_5",0,109,"m2",FALSE
"1249",1249,"E_3",0,94,"m5",FALSE
"1250",1250,"E_1",0,NA,"m4",TRUE
"1251",1251,"E_2",0,101,"m1",TRUE
"1252",1252,"E_2",0,103,"m4",FALSE
"1253",1253,"E_3",0,91,"m5",FALSE
"1254",1254,"E_2",1,121,"m3",TRUE
"1255",1255,"E_3",0,95,"m4",FALSE
"1256",1256,"E_1",1,NA,"m1",FALSE
"1257",1257,"E_2",0,NA,"m5",FALSE
"1258",1258,"E_4",0,94,"m2",FALSE
"1259",1259,"E_1",0,96,"m4",FALSE
"1260",1260,"E_3",1,NA,"m5",TRUE
"1261",1261,"E_2",0,106,"m5",FALSE
"1262",1262,"E_2",0,94,"m2",FALSE
"1263",1263,"E_4",0,102,"m5",FALSE
"1264",1264,"E_3",1,102,"m2",FALSE
"1265",1265,"E_3",0,105,"m4",FALSE
"1266",1266,"E_5",0,NA,"m5",FALSE
"1267",1267,"E_5",0,108,"m1",FALSE
"1268",1268,"E_2",0,109,"m2",TRUE
"1269",1269,"E_3",1,97,"m3",FALSE
"1270",1270,"E_3",1,87,"m5",FALSE
"1271",1271,"E_1",1,NA,"m4",FALSE
"1272",1272,"E_3",0,91,"m2",FALSE
"1273",1273,"E_2",1,105,"m2",FALSE
"1274",1274,"E_3",1,104,"m3",FALSE
"1275",1275,"E_1",1,99,"m5",FALSE
"1276",1276,"E_2",0,89,"m5",FALSE
"1277",1277,"E_4",0,86,"m5",TRUE
"1278",1278,"E_3",0,84,"m5",FALSE
"1279",1279,"E_5",0,120,"m1",FALSE
"1280",1280,"E_4",0,105,"m2",FALSE
"1281",1281,"E_4",0,103,"m3",FALSE
"1282",1282,"E_2",0,107,"m4",TRUE
"1283",1283,"E_3",0,93,"m3",TRUE
"1284",1284,"E_4",0,110,"m1",FALSE
"1285",1285,"E_5",0,79,"m5",FALSE
"1286",1286,"E_3",0,110,"m2",FALSE
"1287",1287,"E_3",0,106,"m3",FALSE
"1288",1288,"E_5",0,NA,"m3",FALSE
"1289",1289,"E_4",0,102,"m5",FALSE
"1290",1290,"E_1",0,110,"m5",FALSE
"1291",1291,"E_2",0,97,"m3",FALSE
"1292",1292,"E_5",0,NA,"m2",FALSE
"1293",1293,"E_1",0,NA,"m1",FALSE
"1294",1294,"E_2",0,98,"m5",FALSE
"1295",1295,"E_3",1,NA,"m4",FALSE
"1296",1296,"E_5",0,105,"m5",FALSE
"1297",1297,"E_1",0,99,"m1",FALSE
"1298",1298,"E_1",0,103,"m2",FALSE
"1299",1299,"E_1",0,100,"m5",TRUE
"1300",1300,"E_5",0,106,"m4",FALSE
"1301",1301,"E_2",0,89,"m3",FALSE
"1302",1302,"E_5",0,121,"m3",FALSE
"1303",1303,"E_4",0,NA,"m5",FALSE
"1304",1304,"E_1",1,99,"m5",FALSE
"1305",1305,"E_3",1,NA,"m5",FALSE
"1306",1306,"E_2",0,97,"m3",TRUE
"1307",1307,"E_5",0,109,"m2",FALSE
"1308",1308,"E_2",0,90,"m1",FALSE
"1309",1309,"E_5",0,101,"m5",FALSE
"1310",1310,"E_5",0,89,"m2",FALSE
"1311",1311,"E_3",0,99,"m3",FALSE
"1312",1312,"E_2",0,110,"m3",FALSE
"1313",1313,"E_1",0,111,"m4",FALSE
"1314",1314,"E_3",1,95,"m4",FALSE
"1315",1315,"E_3",0,84,"m5",FALSE
"1316",1316,"E_3",0,NA,"m5",FALSE
"1317",1317,"E_2",0,122,"m3",FALSE
"1318",1318,"E_5",0,93,"m5",FALSE
"1319",1319,"E_4",0,97,"m1",FALSE
"1320",1320,"E_2",1,95,"m5",FALSE
"1321",1321,"E_3",0,102,"m5",FALSE
"1322",1322,"E_1",0,89,"m3",FALSE
"1323",1323,"E_5",0,91,"m2",FALSE
"1324",1324,"E_1",0,98,"m3",FALSE
"1325",1325,"E_5",1,120,"m5",FALSE
"1326",1326,"E_1",1,109,"m4",FALSE
"1327",1327,"E_5",0,101,"m5",FALSE
"1328",1328,"E_1",0,93,"m3",FALSE
"1329",1329,"E_1",0,111,"m1",FALSE
"1330",1330,"E_3",1,117,"m4",FALSE
"1331",1331,"E_3",0,109,"m4",FALSE
"1332",1332,"E_2",0,NA,"m5",FALSE
"1333",1333,"E_1",0,100,"m3",FALSE
"1334",1334,"E_5",0,89,"m1",TRUE
"1335",1335,"E_4",0,101,"m4",FALSE
"1336",1336,"E_1",0,111,"m1",FALSE
"1337",1337,"E_2",0,NA,"m5",FALSE
"1338",1338,"E_1",0,90,"m2",FALSE
"1339",1339,"E_1",1,99,"m5",FALSE
"1340",1340,"E_4",0,100,"m4",FALSE
"1341",1341,"E_3",0,116,"m2",TRUE
"1342",1342,"E_4",1,101,"m4",FALSE
"1343",1343,"E_3",0,NA,"m4",FALSE
"1344",1344,"E_3",1,NA,"m3",FALSE
"1345",1345,"E_3",0,107,"m2",FALSE
"1346",1346,"E_3",0,116,"m1",FALSE
"1347",1347,"E_2",0,93,"m3",FALSE
"1348",1348,"E_4",0,100,"m4",FALSE
"1349",1349,"E_3",0,92,"m5",FALSE
"1350",1350,"E_3",1,103,"m4",FALSE
"1351",1351,"E_1",0,87,"m3",FALSE
"1352",1352,"E_2",0,100,"m4",FALSE
"1353",1353,"E_1",1,97,"m4",FALSE
"1354",1354,"E_4",1,115,"m4",TRUE
"1355",1355,"E_3",0,NA,"m5",FALSE
"1356",1356,"E_3",0,86,"m5",FALSE
"1357",1357,"E_1",0,93,"m1",FALSE
"1358",1358,"E_5",1,97,"m1",FALSE
"1359",1359,"E_2",1,93,"m4",FALSE
"1360",1360,"E_5",0,106,"m3",FALSE
"1361",1361,"E_2",1,104,"m3",FALSE
"1362",1362,"E_4",0,114,"m3",TRUE
"1363",1363,"E_1",1,95,"m4",FALSE
"1364",1364,"E_1",1,NA,"m5",FALSE
"1365",1365,"E_3",1,90,"m3",TRUE
"1366",1366,"E_4",0,116,"m3",FALSE
"1367",1367,"E_5",0,87,"m4",FALSE
"1368",1368,"E_2",0,99,"m5",FALSE
"1369",1369,"E_1",0,103,"m5",FALSE
"1370",1370,"E_4",0,NA,"m4",FALSE
"1371",1371,"E_1",0,93,"m1",FALSE
"1372",1372,"E_1",0,110,"m4",FALSE
"1373",1373,"E_3",0,95,"m4",FALSE
"1374",1374,"E_4",0,96,"m3",FALSE
"1375",1375,"E_4",0,104,"m3",FALSE
"1376",1376,"E_5",0,100,"m5",FALSE
"1377",1377,"E_1",0,100,"m4",FALSE
"1378",1378,"E_3",0,84,"m1",FALSE
"1379",1379,"E_2",0,111,"m3",TRUE
"1380",1380,"E_5",1,113,"m2",FALSE
"1381",1381,"E_1",1,102,"m3",FALSE
"1382",1382,"E_1",0,NA,"m5",FALSE
"1383",1383,"E_2",0,98,"m3",FALSE
"1384",1384,"E_1",0,100,"m2",FALSE
"1385",1385,"E_3",0,98,"m5",FALSE
"1386",1386,"E_5",0,102,"m5",TRUE
"1387",1387,"E_2",1,101,"m5",FALSE
"1388",1388,"E_5",0,123,"m1",FALSE
"1389",1389,"E_5",0,NA,"m5",FALSE
"1390",1390,"E_1",0,95,"m5",FALSE
"1391",1391,"E_4",0,100,"m5",FALSE
"1392",1392,"E_5",0,NA,"m4",FALSE
"1393",1393,"E_4",0,NA,"m2",TRUE
"1394",1394,"E_1",0,91,"m3",FALSE
"1395",1395,"E_4",0,108,"m5",TRUE
"1396",1396,"E_3",0,NA,"m3",FALSE
"1397",1397,"E_5",0,113,"m3",FALSE
"1398",1398,"E_2",0,121,"m5",FALSE
"1399",1399,"E_3",0,93,"m1",FALSE
"1400",1400,"E_3",0,76,"m5",FALSE
"1401",1401,"E_1",0,98,"m5",FALSE
"1402",1402,"E_2",0,107,"m5",FALSE
"1403",1403,"E_3",0,98,"m1",FALSE
"1404",1404,"E_1",1,99,"m5",FALSE
"1405",1405,"E_1",1,97,"m4",FALSE
"1406",1406,"E_3",1,83,"m2",FALSE
"1407",1407,"E_2",1,106,"m3",FALSE
"1408",1408,"E_4",0,104,"m2",FALSE
"1409",1409,"E_5",0,102,"m5",FALSE
"1410",1410,"E_1",0,NA,"m4",FALSE
"1411",1411,"E_2",1,100,"m5",FALSE
"1412",1412,"E_1",0,93,"m1",FALSE
"1413",1413,"E_1",0,104,"m5",FALSE
"1414",1414,"E_3",0,103,"m3",FALSE
"1415",1415,"E_2",0,102,"m5",FALSE
"1416",1416,"E_3",0,NA,"m4",FALSE
"1417",1417,"E_2",0,100,"m5",FALSE
"1418",1418,"E_4",0,107,"m2",FALSE
"1419",1419,"E_4",0,126,"m3",FALSE
"1420",1420,"E_3",0,99,"m5",TRUE
"1421",1421,"E_3",1,NA,"m2",FALSE
"1422",1422,"E_1",0,123,"m3",FALSE
"1423",1423,"E_3",0,108,"m3",FALSE
"1424",1424,"E_4",0,99,"m5",FALSE
"1425",1425,"E_4",0,84,"m5",FALSE
"1426",1426,"E_2",1,104,"m3",FALSE
"1427",1427,"E_4",0,108,"m2",TRUE
"1428",1428,"E_3",0,110,"m2",FALSE
"1429",1429,"E_3",0,NA,"m4",FALSE
"1430",1430,"E_3",0,95,"m4",FALSE
"1431",1431,"E_5",0,99,"m5",FALSE
"1432",1432,"E_2",1,91,"m5",FALSE
"1433",1433,"E_4",1,104,"m5",FALSE
"1434",1434,"E_1",0,NA,"m3",FALSE
"1435",1435,"E_3",1,95,"m2",FALSE
"1436",1436,"E_2",1,NA,"m4",FALSE
"1437",1437,"E_5",0,127,"m2",FALSE
"1438",1438,"E_1",0,91,"m5",FALSE
"1439",1439,"E_3",0,102,"m4",FALSE
"1440",1440,"E_4",0,88,"m5",FALSE
"1441",1441,"E_4",0,NA,"m3",FALSE
"1442",1442,"E_3",0,81,"m1",FALSE
"1443",1443,"E_5",0,109,"m1",FALSE
"1444",1444,"E_2",0,105,"m2",FALSE
"1445",1445,"E_5",0,102,"m4",FALSE
"1446",1446,"E_3",0,98,"m5",FALSE
"1447",1447,"E_5",0,100,"m2",FALSE
"1448",1448,"E_5",0,90,"m4",FALSE
"1449",1449,"E_5",0,111,"m3",FALSE
"1450",1450,"E_1",0,103,"m1",FALSE
"1451",1451,"E_4",0,104,"m3",FALSE
"1452",1452,"E_3",0,92,"m1",FALSE
"1453",1453,"E_3",0,NA,"m5",FALSE
"1454",1454,"E_2",0,86,"m5",FALSE
"1455",1455,"E_4",0,118,"m5",FALSE
"1456",1456,"E_4",0,89,"m1",TRUE
"1457",1457,"E_4",0,91,"m5",FALSE
"1458",1458,"E_2",0,99,"m4",FALSE
"1459",1459,"E_2",0,105,"m5",FALSE
"1460",1460,"E_3",1,NA,"m4",FALSE
"1461",1461,"E_3",1,99,"m1",FALSE
"1462",1462,"E_4",0,NA,"m5",FALSE
"1463",1463,"E_2",0,92,"m2",FALSE
"1464",1464,"E_4",0,112,"m4",FALSE
"1465",1465,"E_3",0,84,"m5",FALSE
"1466",1466,"E_5",0,89,"m3",FALSE
"1467",1467,"E_2",0,94,"m5",FALSE
"1468",1468,"E_4",1,101,"m1",FALSE
"1469",1469,"E_2",0,97,"m4",FALSE
"1470",1470,"E_5",0,96,"m5",FALSE
"1471",1471,"E_3",0,94,"m2",FALSE
"1472",1472,"E_2",0,91,"m2",FALSE
"1473",1473,"E_3",0,105,"m4",FALSE
"1474",1474,"E_5",1,98,"m1",FALSE
"1475",1475,"E_3",0,NA,"m5",FALSE
"1476",1476,"E_4",0,78,"m3",FALSE
"1477",1477,"E_2",0,111,"m4",FALSE
"1478",1478,"E_3",0,93,"m5",TRUE
"1479",1479,"E_5",0,102,"m1",FALSE
"1480",1480,"E_4",0,NA,"m3",FALSE
"1481",1481,"E_1",0,102,"m4",FALSE
"1482",1482,"E_4",0,105,"m5",FALSE
"1483",1483,"E_3",0,NA,"m5",FALSE
"1484",1484,"E_1",0,NA,"m5",FALSE
"1485",1485,"E_3",0,91,"m4",FALSE
"1486",1486,"E_3",0,NA,"m1",FALSE
"1487",1487,"E_4",0,107,"m5",FALSE
"1488",1488,"E_1",1,102,"m5",FALSE
"1489",1489,"E_4",0,104,"m1",FALSE
"1490",1490,"E_3",1,77,"m1",FALSE
"1491",1491,"E_3",0,101,"m5",TRUE
"1492",1492,"E_5",0,86,"m5",FALSE
"1493",1493,"E_3",0,112,"m3",FALSE
"1494",1494,"E_1",0,95,"m4",FALSE
"1495",1495,"E_4",0,93,"m3",FALSE
"1496",1496,"E_3",1,106,"m1",FALSE
"1497",1497,"E_5",1,104,"m2",FALSE
"1498",1498,"E_5",0,101,"m4",FALSE
"1499",1499,"E_5",0,103,"m3",FALSE
"1500",1500,"E_1",0,94,"m2",FALSE
"1501",1501,"E_4",0,102,"m5",FALSE
"1502",1502,"E_3",0,97,"m3",FALSE
"1503",1503,"E_4",0,96,"m5",FALSE
"1504",1504,"E_2",1,88,"m5",FALSE
"1505",1505,"E_3",0,85,"m2",FALSE
"1506",1506,"E_3",0,92,"m3",FALSE
"1507",1507,"E_5",0,99,"m3",FALSE
"1508",1508,"E_4",0,82,"m2",FALSE
"1509",1509,"E_5",1,78,"m3",FALSE
"1510",1510,"E_1",0,101,"m5",FALSE
"1511",1511,"E_4",1,118,"m5",FALSE
"1512",1512,"E_4",0,NA,"m5",FALSE
"1513",1513,"E_2",0,113,"m1",FALSE
"1514",1514,"E_4",0,108,"m5",FALSE
"1515",1515,"E_1",0,100,"m5",FALSE
"1516",1516,"E_2",0,100,"m5",FALSE
"1517",1517,"E_1",0,NA,"m2",FALSE
"1518",1518,"E_1",0,98,"m4",FALSE
"1519",1519,"E_2",0,90,"m3",TRUE
"1520",1520,"E_3",1,90,"m4",FALSE
"1521",1521,"E_5",0,107,"m3",FALSE
"1522",1522,"E_1",0,89,"m5",TRUE
"1523",1523,"E_2",0,124,"m5",FALSE
"1524",1524,"E_1",0,105,"m3",FALSE
"1525",1525,"E_1",0,NA,"m3",FALSE
"1526",1526,"E_4",0,NA,"m3",FALSE
"1527",1527,"E_2",0,104,"m2",FALSE
"1528",1528,"E_4",0,91,"m4",FALSE
"1529",1529,"E_1",0,95,"m2",FALSE
"1530",1530,"E_3",0,96,"m4",FALSE
"1531",1531,"E_1",1,70,"m5",FALSE
"1532",1532,"E_4",0,120,"m4",FALSE
"1533",1533,"E_1",0,111,"m4",TRUE
"1534",1534,"E_4",0,90,"m1",TRUE
"1535",1535,"E_4",0,110,"m5",FALSE
"1536",1536,"E_3",0,106,"m2",FALSE
"1537",1537,"E_3",0,100,"m5",TRUE
"1538",1538,"E_4",0,101,"m5",FALSE
"1539",1539,"E_4",0,106,"m1",FALSE
"1540",1540,"E_2",0,101,"m5",FALSE
"1541",1541,"E_1",1,108,"m1",FALSE
"1542",1542,"E_3",0,92,"m2",FALSE
"1543",1543,"E_2",0,98,"m3",FALSE
"1544",1544,"E_3",0,108,"m3",FALSE
"1545",1545,"E_2",0,96,"m3",FALSE
"1546",1546,"E_3",0,99,"m2",FALSE
"1547",1547,"E_5",0,98,"m1",FALSE
"1548",1548,"E_3",0,103,"m5",FALSE
"1549",1549,"E_4",0,104,"m1",FALSE
"1550",1550,"E_2",0,100,"m5",FALSE
"1551",1551,"E_1",0,102,"m2",FALSE
"1552",1552,"E_2",0,88,"m3",FALSE
"1553",1553,"E_5",1,99,"m1",FALSE
"1554",1554,"E_4",0,118,"m1",FALSE
"1555",1555,"E_3",0,96,"m5",FALSE
"1556",1556,"E_3",0,NA,"m5",FALSE
"1557",1557,"E_2",0,76,"m5",FALSE
"1558",1558,"E_3",0,98,"m3",FALSE
"1559",1559,"E_4",0,97,"m2",FALSE
"1560",1560,"E_5",0,95,"m3",FALSE
"1561",1561,"E_3",1,NA,"m5",FALSE
"1562",1562,"E_2",0,116,"m4",FALSE
"1563",1563,"E_1",0,103,"m2",FALSE
"1564",1564,"E_1",0,89,"m4",FALSE
"1565",1565,"E_1",1,NA,"m4",TRUE
"1566",1566,"E_5",0,NA,"m1",FALSE
"1567",1567,"E_4",0,108,"m1",FALSE
"1568",1568,"E_1",0,NA,"m2",FALSE
"1569",1569,"E_3",0,97,"m2",FALSE
"1570",1570,"E_1",0,111,"m4",FALSE
"1571",1571,"E_1",1,103,"m5",FALSE
"1572",1572,"E_2",0,109,"m2",FALSE
"1573",1573,"E_5",0,108,"m5",FALSE
"1574",1574,"E_4",1,NA,"m4",FALSE
"1575",1575,"E_3",1,100,"m4",FALSE
"1576",1576,"E_1",0,88,"m1",FALSE
"1577",1577,"E_3",0,NA,"m3",FALSE
"1578",1578,"E_2",1,108,"m5",FALSE
"1579",1579,"E_4",1,84,"m5",FALSE
"1580",1580,"E_4",1,NA,"m5",FALSE
"1581",1581,"E_5",0,85,"m5",FALSE
"1582",1582,"E_1",0,100,"m1",FALSE
"1583",1583,"E_3",0,100,"m1",FALSE
"1584",1584,"E_2",0,93,"m2",FALSE
"1585",1585,"E_1",0,102,"m5",FALSE
"1586",1586,"E_4",0,NA,"m5",FALSE
"1587",1587,"E_3",1,104,"m3",TRUE
"1588",1588,"E_1",0,85,"m2",FALSE
"1589",1589,"E_1",0,97,"m3",FALSE
"1590",1590,"E_2",0,99,"m4",FALSE
"1591",1591,"E_5",0,95,"m4",FALSE
"1592",1592,"E_2",0,100,"m3",FALSE
"1593",1593,"E_2",0,93,"m4",FALSE
"1594",1594,"E_4",0,106,"m4",FALSE
"1595",1595,"E_4",0,90,"m3",FALSE
"1596",1596,"E_1",0,99,"m4",FALSE
"1597",1597,"E_4",0,87,"m1",FALSE
"1598",1598,"E_2",0,92,"m2",FALSE
"1599",1599,"E_2",0,95,"m3",FALSE
"1600",1600,"E_2",0,85,"m4",FALSE
"1601",1601,"E_3",0,NA,"m3",FALSE
"1602",1602,"E_1",0,87,"m5",FALSE
"1603",1603,"E_1",0,NA,"m1",FALSE
"1604",1604,"E_5",0,90,"m1",FALSE
"1605",1605,"E_5",0,91,"m5",FALSE
"1606",1606,"E_3",0,73,"m5",FALSE
"1607",1607,"E_1",1,94,"m5",FALSE
"1608",1608,"E_5",1,99,"m4",FALSE
"1609",1609,"E_4",0,109,"m2",FALSE
"1610",1610,"E_2",0,NA,"m2",FALSE
"1611",1611,"E_5",0,NA,"m4",FALSE
"1612",1612,"E_2",0,112,"m4",FALSE
"1613",1613,"E_1",0,123,"m5",FALSE
"1614",1614,"E_5",0,116,"m2",FALSE
"1615",1615,"E_3",1,87,"m1",FALSE
"1616",1616,"E_4",0,122,"m4",TRUE
"1617",1617,"E_2",1,NA,"m1",FALSE
"1618",1618,"E_2",0,103,"m2",TRUE
"1619",1619,"E_1",0,120,"m5",FALSE
"1620",1620,"E_5",0,108,"m1",FALSE
"1621",1621,"E_1",0,102,"m5",FALSE
"1622",1622,"E_5",0,92,"m5",FALSE
"1623",1623,"E_1",0,NA,"m2",FALSE
"1624",1624,"E_4",0,104,"m2",FALSE
"1625",1625,"E_4",0,89,"m5",FALSE
"1626",1626,"E_5",0,NA,"m2",FALSE
"1627",1627,"E_3",0,111,"m5",FALSE
"1628",1628,"E_4",0,104,"m1",FALSE
"1629",1629,"E_2",0,110,"m5",FALSE
"1630",1630,"E_2",1,101,"m5",FALSE
"1631",1631,"E_1",0,109,"m1",FALSE
"1632",1632,"E_4",0,104,"m1",TRUE
"1633",1633,"E_5",0,93,"m5",TRUE
"1634",1634,"E_5",0,103,"m4",FALSE
"1635",1635,"E_5",0,107,"m1",FALSE
"1636",1636,"E_2",0,101,"m3",FALSE
"1637",1637,"E_4",0,NA,"m2",FALSE
"1638",1638,"E_3",0,94,"m5",TRUE
"1639",1639,"E_1",0,96,"m2",FALSE
"1640",1640,"E_4",1,94,"m3",FALSE
"1641",1641,"E_1",1,103,"m3",FALSE
"1642",1642,"E_3",0,91,"m1",FALSE
"1643",1643,"E_3",0,102,"m3",FALSE
"1644",1644,"E_2",0,NA,"m5",FALSE
"1645",1645,"E_2",0,NA,"m5",FALSE
"1646",1646,"E_4",0,106,"m2",FALSE
"1647",1647,"E_1",0,87,"m1",FALSE
"1648",1648,"E_5",0,96,"m2",FALSE
"1649",1649,"E_5",0,118,"m3",FALSE
"1650",1650,"E_3",0,87,"m5",FALSE
"1651",1651,"E_2",0,104,"m4",FALSE
"1652",1652,"E_4",0,NA,"m5",FALSE
"1653",1653,"E_4",0,NA,"m5",FALSE
"1654",1654,"E_1",0,NA,"m3",FALSE
"1655",1655,"E_3",0,90,"m3",FALSE
"1656",1656,"E_1",0,111,"m3",TRUE
"1657",1657,"E_5",0,108,"m5",FALSE
"1658",1658,"E_1",1,96,"m3",FALSE
"1659",1659,"E_1",1,100,"m4",FALSE
"1660",1660,"E_5",0,NA,"m2",FALSE
"1661",1661,"E_4",0,81,"m3",FALSE
"1662",1662,"E_5",1,NA,"m3",FALSE
"1663",1663,"E_4",1,117,"m2",FALSE
"1664",1664,"E_3",1,113,"m5",FALSE
"1665",1665,"E_2",0,99,"m3",FALSE
"1666",1666,"E_2",0,95,"m2",FALSE
"1667",1667,"E_4",0,85,"m4",FALSE
"1668",1668,"E_2",1,104,"m4",FALSE
"1669",1669,"E_4",0,84,"m5",FALSE
"1670",1670,"E_1",0,105,"m3",FALSE
"1671",1671,"E_2",1,NA,"m3",FALSE
"1672",1672,"E_2",0,108,"m2",FALSE
"1673",1673,"E_2",0,101,"m5",FALSE
"1674",1674,"E_5",0,103,"m5",FALSE
"1675",1675,"E_4",1,97,"m5",FALSE
"1676",1676,"E_4",0,94,"m2",FALSE
"1677",1677,"E_2",1,100,"m2",FALSE
"1678",1678,"E_5",0,114,"m1",FALSE
"1679",1679,"E_1",1,107,"m5",FALSE
"1680",1680,"E_5",0,91,"m1",FALSE
"1681",1681,"E_1",0,107,"m3",FALSE
"1682",1682,"E_5",0,100,"m1",FALSE
"1683",1683,"E_3",0,93,"m2",FALSE
"1684",1684,"E_5",0,91,"m1",FALSE
"1685",1685,"E_3",1,100,"m5",FALSE
"1686",1686,"E_2",0,91,"m5",FALSE
"1687",1687,"E_2",0,NA,"m5",FALSE
"1688",1688,"E_4",0,114,"m4",FALSE
"1689",1689,"E_3",0,89,"m3",FALSE
"1690",1690,"E_1",1,NA,"m2",FALSE
"1691",1691,"E_5",0,90,"m5",FALSE
"1692",1692,"E_3",0,98,"m5",FALSE
"1693",1693,"E_3",0,NA,"m5",FALSE
"1694",1694,"E_5",0,100,"m3",FALSE
"1695",1695,"E_4",1,NA,"m4",FALSE
"1696",1696,"E_2",0,97,"m4",FALSE
"1697",1697,"E_1",0,88,"m4",FALSE
"1698",1698,"E_2",0,102,"m5",FALSE
"1699",1699,"E_1",0,98,"m3",FALSE
"1700",1700,"E_3",1,107,"m3",FALSE
"1701",1701,"E_4",0,107,"m2",FALSE
"1702",1702,"E_3",0,108,"m2",FALSE
"1703",1703,"E_1",0,92,"m3",TRUE
"1704",1704,"E_3",0,98,"m5",FALSE
"1705",1705,"E_2",0,102,"m5",FALSE
"1706",1706,"E_3",0,96,"m2",FALSE
"1707",1707,"E_5",0,109,"m1",FALSE
"1708",1708,"E_4",0,95,"m1",FALSE
"1709",1709,"E_2",0,95,"m1",FALSE
"1710",1710,"E_2",1,92,"m2",TRUE
"1711",1711,"E_3",0,80,"m5",FALSE
"1712",1712,"E_4",0,112,"m3",FALSE
"1713",1713,"E_5",0,88,"m2",FALSE
"1714",1714,"E_5",0,102,"m1",FALSE
"1715",1715,"E_5",0,NA,"m2",FALSE
"1716",1716,"E_5",0,90,"m4",FALSE
"1717",1717,"E_5",1,103,"m5",FALSE
"1718",1718,"E_5",1,NA,"m1",FALSE
"1719",1719,"E_4",0,100,"m2",FALSE
"1720",1720,"E_3",0,115,"m4",FALSE
"1721",1721,"E_4",0,81,"m4",FALSE
"1722",1722,"E_1",0,108,"m5",FALSE
"1723",1723,"E_4",0,104,"m4",FALSE
"1724",1724,"E_4",0,95,"m5",FALSE
"1725",1725,"E_5",0,103,"m4",TRUE
"1726",1726,"E_1",1,NA,"m2",FALSE
"1727",1727,"E_2",0,103,"m3",TRUE
"1728",1728,"E_3",0,93,"m4",FALSE
"1729",1729,"E_4",0,107,"m5",FALSE
"1730",1730,"E_4",0,106,"m4",FALSE
"1731",1731,"E_2",0,107,"m3",FALSE
"1732",1732,"E_1",0,111,"m3",FALSE
"1733",1733,"E_5",1,103,"m3",FALSE
"1734",1734,"E_1",1,91,"m2",FALSE
"1735",1735,"E_5",0,125,"m3",FALSE
"1736",1736,"E_1",0,96,"m5",FALSE
"1737",1737,"E_2",0,111,"m5",FALSE
"1738",1738,"E_3",1,116,"m1",TRUE
"1739",1739,"E_1",1,104,"m4",FALSE
"1740",1740,"E_5",1,105,"m4",FALSE
"1741",1741,"E_2",0,89,"m3",FALSE
"1742",1742,"E_5",0,90,"m3",FALSE
"1743",1743,"E_3",0,121,"m1",FALSE
"1744",1744,"E_3",0,98,"m4",FALSE
"1745",1745,"E_1",0,116,"m5",FALSE
"1746",1746,"E_4",0,102,"m5",FALSE
"1747",1747,"E_1",0,NA,"m1",TRUE
"1748",1748,"E_2",0,102,"m3",FALSE
"1749",1749,"E_5",0,95,"m2",FALSE
"1750",1750,"E_5",1,90,"m1",TRUE
"1751",1751,"E_1",0,107,"m1",FALSE
"1752",1752,"E_2",1,89,"m3",TRUE
"1753",1753,"E_3",0,NA,"m5",FALSE
"1754",1754,"E_1",1,92,"m2",FALSE
"1755",1755,"E_3",0,87,"m1",TRUE
"1756",1756,"E_1",0,101,"m5",TRUE
"1757",1757,"E_5",0,94,"m2",FALSE
"1758",1758,"E_4",0,89,"m5",FALSE
"1759",1759,"E_5",1,NA,"m3",FALSE
"1760",1760,"E_3",0,NA,"m5",FALSE
"1761",1761,"E_4",0,92,"m3",FALSE
"1762",1762,"E_2",0,108,"m2",FALSE
"1763",1763,"E_4",1,88,"m1",FALSE
"1764",1764,"E_4",0,113,"m2",TRUE
"1765",1765,"E_2",0,86,"m2",FALSE
"1766",1766,"E_4",1,115,"m1",FALSE
"1767",1767,"E_5",0,96,"m1",FALSE
"1768",1768,"E_4",0,87,"m5",FALSE
"1769",1769,"E_3",1,95,"m5",FALSE
"1770",1770,"E_3",1,116,"m1",FALSE
"1771",1771,"E_3",0,96,"m3",FALSE
"1772",1772,"E_2",0,123,"m4",FALSE
"1773",1773,"E_5",1,104,"m4",FALSE
"1774",1774,"E_5",1,114,"m5",FALSE
"1775",1775,"E_4",0,96,"m5",FALSE
"1776",1776,"E_3",0,NA,"m4",FALSE
"1777",1777,"E_4",0,118,"m5",FALSE
"1778",1778,"E_1",0,100,"m1",FALSE
"1779",1779,"E_1",1,98,"m3",FALSE
"1780",1780,"E_1",0,97,"m3",FALSE
"1781",1781,"E_5",0,94,"m5",FALSE
"1782",1782,"E_5",1,84,"m5",FALSE
"1783",1783,"E_1",0,90,"m1",FALSE
"1784",1784,"E_2",1,93,"m4",TRUE
"1785",1785,"E_2",0,111,"m4",FALSE
"1786",1786,"E_1",0,103,"m5",FALSE
"1787",1787,"E_5",0,84,"m1",FALSE
"1788",1788,"E_3",0,NA,"m4",FALSE
"1789",1789,"E_4",1,88,"m5",FALSE
"1790",1790,"E_4",0,105,"m1",FALSE
"1791",1791,"E_3",0,NA,"m4",FALSE
"1792",1792,"E_5",0,96,"m2",FALSE
"1793",1793,"E_4",0,93,"m5",FALSE
"1794",1794,"E_4",0,120,"m2",FALSE
"1795",1795,"E_5",0,89,"m1",FALSE
"1796",1796,"E_3",0,92,"m5",FALSE
"1797",1797,"E_3",0,75,"m2",FALSE
"1798",1798,"E_2",1,116,"m1",FALSE
"1799",1799,"E_1",0,97,"m4",FALSE
"1800",1800,"E_2",0,NA,"m1",TRUE
"1801",1801,"E_3",1,NA,"m4",TRUE
"1802",1802,"E_5",0,93,"m5",FALSE
"1803",1803,"E_5",0,107,"m5",TRUE
"1804",1804,"E_5",0,120,"m3",FALSE
"1805",1805,"E_5",1,102,"m2",FALSE
"1806",1806,"E_3",1,NA,"m1",FALSE
"1807",1807,"E_1",0,93,"m5",TRUE
"1808",1808,"E_3",0,91,"m4",FALSE
"1809",1809,"E_3",0,98,"m3",FALSE
"1810",1810,"E_4",0,117,"m5",FALSE
"1811",1811,"E_3",0,110,"m3",FALSE
"1812",1812,"E_1",0,82,"m4",FALSE
"1813",1813,"E_4",0,NA,"m4",TRUE
"1814",1814,"E_3",0,98,"m1",FALSE
"1815",1815,"E_5",0,NA,"m2",FALSE
"1816",1816,"E_1",0,106,"m5",FALSE
"1817",1817,"E_2",1,102,"m5",FALSE
"1818",1818,"E_5",0,107,"m2",FALSE
"1819",1819,"E_1",0,86,"m2",FALSE
"1820",1820,"E_5",0,103,"m2",FALSE
"1821",1821,"E_4",0,NA,"m1",FALSE
"1822",1822,"E_1",0,100,"m5",FALSE
"1823",1823,"E_2",0,79,"m1",FALSE
"1824",1824,"E_5",0,109,"m5",FALSE
"1825",1825,"E_1",0,91,"m4",FALSE
"1826",1826,"E_3",0,96,"m4",FALSE
"1827",1827,"E_5",0,98,"m5",FALSE
"1828",1828,"E_2",0,NA,"m5",FALSE
"1829",1829,"E_1",0,101,"m5",TRUE
"1830",1830,"E_3",0,102,"m2",FALSE
"1831",1831,"E_5",0,97,"m2",FALSE
"1832",1832,"E_5",0,116,"m4",FALSE
"1833",1833,"E_2",0,87,"m4",FALSE
"1834",1834,"E_2",0,72,"m3",FALSE
"1835",1835,"E_5",0,112,"m5",TRUE
"1836",1836,"E_1",1,93,"m1",FALSE
"1837",1837,"E_4",0,114,"m3",FALSE
"1838",1838,"E_4",1,97,"m5",TRUE
"1839",1839,"E_3",0,89,"m1",FALSE
"1840",1840,"E_4",0,NA,"m5",FALSE
"1841",1841,"E_5",0,113,"m5",FALSE
"1842",1842,"E_4",0,108,"m5",FALSE
"1843",1843,"E_2",0,106,"m4",FALSE
"1844",1844,"E_3",0,NA,"m3",FALSE
"1845",1845,"E_1",0,92,"m2",FALSE
"1846",1846,"E_2",0,101,"m5",FALSE
"1847",1847,"E_3",1,NA,"m2",FALSE
"1848",1848,"E_4",0,NA,"m5",FALSE
"1849",1849,"E_3",0,100,"m5",FALSE
"1850",1850,"E_1",1,NA,"m2",FALSE
"1851",1851,"E_3",0,118,"m4",FALSE
"1852",1852,"E_4",1,89,"m5",TRUE
"1853",1853,"E_2",1,98,"m4",FALSE
"1854",1854,"E_1",0,94,"m1",FALSE
"1855",1855,"E_1",1,117,"m5",FALSE
"1856",1856,"E_4",1,99,"m5",FALSE
"1857",1857,"E_1",1,101,"m3",TRUE
"1858",1858,"E_4",0,95,"m5",FALSE
"1859",1859,"E_1",0,99,"m1",FALSE
"1860",1860,"E_4",0,100,"m5",FALSE
"1861",1861,"E_3",0,102,"m3",TRUE
"1862",1862,"E_5",0,118,"m5",FALSE
"1863",1863,"E_4",0,95,"m1",FALSE
"1864",1864,"E_4",0,113,"m1",FALSE
"1865",1865,"E_5",1,107,"m5",FALSE
"1866",1866,"E_2",0,119,"m4",TRUE
"1867",1867,"E_3",0,113,"m4",FALSE
"1868",1868,"E_4",0,114,"m3",FALSE
"1869",1869,"E_4",0,101,"m5",FALSE
"1870",1870,"E_2",1,109,"m5",FALSE
"1871",1871,"E_2",0,NA,"m5",FALSE
"1872",1872,"E_1",1,106,"m5",FALSE
"1873",1873,"E_4",0,103,"m2",FALSE
"1874",1874,"E_4",0,NA,"m5",FALSE
"1875",1875,"E_1",0,98,"m3",FALSE
"1876",1876,"E_3",0,NA,"m2",FALSE
"1877",1877,"E_2",0,104,"m5",FALSE
"1878",1878,"E_1",0,80,"m5",FALSE
"1879",1879,"E_4",1,NA,"m5",TRUE
"1880",1880,"E_4",0,NA,"m2",FALSE
"1881",1881,"E_1",0,102,"m2",FALSE
"1882",1882,"E_1",0,94,"m4",FALSE
"1883",1883,"E_3",0,74,"m4",FALSE
"1884",1884,"E_2",0,100,"m3",FALSE
"1885",1885,"E_5",0,105,"m2",FALSE
"1886",1886,"E_2",0,89,"m5",FALSE
"1887",1887,"E_5",0,NA,"m3",FALSE
"1888",1888,"E_2",0,96,"m4",FALSE
"1889",1889,"E_5",0,105,"m3",TRUE
"1890",1890,"E_5",0,NA,"m4",FALSE
"1891",1891,"E_2",0,83,"m3",FALSE
"1892",1892,"E_2",0,112,"m4",FALSE
"1893",1893,"E_3",0,105,"m1",FALSE
"1894",1894,"E_5",0,94,"m5",FALSE
"1895",1895,"E_1",1,NA,"m2",FALSE
"1896",1896,"E_3",0,101,"m2",FALSE
"1897",1897,"E_2",0,105,"m1",FALSE
"1898",1898,"E_3",1,96,"m5",TRUE
"1899",1899,"E_5",0,103,"m2",FALSE
"1900",1900,"E_4",0,NA,"m4",FALSE
"1901",1901,"E_4",0,91,"m5",FALSE
"1902",1902,"E_3",0,92,"m5",FALSE
"1903",1903,"E_5",0,98,"m2",FALSE
"1904",1904,"E_3",1,103,"m5",TRUE
"1905",1905,"E_2",0,97,"m1",FALSE
"1906",1906,"E_5",0,98,"m1",TRUE
"1907",1907,"E_3",1,76,"m5",FALSE
"1908",1908,"E_2",1,98,"m5",FALSE
"1909",1909,"E_5",1,108,"m3",TRUE
"1910",1910,"E_5",0,97,"m4",FALSE
"1911",1911,"E_1",1,93,"m5",FALSE
"1912",1912,"E_2",0,84,"m2",FALSE
"1913",1913,"E_4",0,101,"m2",FALSE
"1914",1914,"E_1",0,105,"m4",FALSE
"1915",1915,"E_5",1,102,"m5",FALSE
"1916",1916,"E_1",1,NA,"m1",FALSE
"1917",1917,"E_3",0,98,"m2",FALSE
"1918",1918,"E_4",0,NA,"m4",FALSE
"1919",1919,"E_4",0,105,"m4",FALSE
"1920",1920,"E_3",0,NA,"m2",FALSE
"1921",1921,"E_3",1,105,"m5",FALSE
"1922",1922,"E_1",1,121,"m4",FALSE
"1923",1923,"E_5",0,99,"m5",FALSE
"1924",1924,"E_1",0,106,"m3",FALSE
"1925",1925,"E_2",1,NA,"m2",FALSE
"1926",1926,"E_4",1,92,"m3",FALSE
"1927",1927,"E_4",0,125,"m1",FALSE
"1928",1928,"E_5",0,108,"m2",FALSE
"1929",1929,"E_3",0,113,"m5",FALSE
"1930",1930,"E_4",1,101,"m5",FALSE
"1931",1931,"E_3",0,82,"m1",FALSE
"1932",1932,"E_4",0,109,"m4",FALSE
"1933",1933,"E_1",0,85,"m3",FALSE
"1934",1934,"E_3",0,NA,"m4",FALSE
"1935",1935,"E_5",0,96,"m3",FALSE
"1936",1936,"E_1",0,93,"m1",FALSE
"1937",1937,"E_5",0,NA,"m1",FALSE
"1938",1938,"E_2",0,103,"m5",FALSE
"1939",1939,"E_1",0,107,"m3",FALSE
"1940",1940,"E_2",1,95,"m5",FALSE
"1941",1941,"E_5",0,111,"m5",FALSE
"1942",1942,"E_2",0,111,"m4",FALSE
"1943",1943,"E_4",1,111,"m3",FALSE
"1944",1944,"E_3",0,89,"m5",FALSE
"1945",1945,"E_4",0,99,"m3",TRUE
"1946",1946,"E_2",0,102,"m2",FALSE
"1947",1947,"E_2",0,98,"m4",FALSE
"1948",1948,"E_1",0,NA,"m2",FALSE
"1949",1949,"E_5",1,84,"m2",FALSE
"1950",1950,"E_5",0,NA,"m1",FALSE
"1951",1951,"E_2",1,112,"m4",FALSE
"1952",1952,"E_5",1,100,"m5",FALSE
"1953",1953,"E_5",0,94,"m5",FALSE
"1954",1954,"E_4",1,81,"m5",FALSE
"1955",1955,"E_1",1,110,"m2",FALSE
"1956",1956,"E_2",0,97,"m5",FALSE
"1957",1957,"E_4",0,90,"m2",FALSE
"1958",1958,"E_5",0,91,"m5",FALSE
"1959",1959,"E_2",1,97,"m3",FALSE
"1960",1960,"E_1",0,81,"m2",FALSE
"1961",1961,"E_5",0,104,"m1",FALSE
"1962",1962,"E_1",0,94,"m1",TRUE
"1963",1963,"E_3",0,110,"m5",TRUE
"1964",1964,"E_1",0,102,"m4",FALSE
"1965",1965,"E_2",1,93,"m4",FALSE
"1966",1966,"E_3",0,NA,"m2",FALSE
"1967",1967,"E_5",0,97,"m5",FALSE
"1968",1968,"E_5",0,101,"m5",FALSE
"1969",1969,"E_5",0,103,"m4",FALSE
"1970",1970,"E_1",0,NA,"m3",FALSE
"1971",1971,"E_2",0,93,"m5",FALSE
"1972",1972,"E_4",0,106,"m1",FALSE
"1973",1973,"E_2",0,115,"m1",FALSE
"1974",1974,"E_3",1,96,"m5",FALSE
"1975",1975,"E_3",1,110,"m5",FALSE
"1976",1976,"E_4",0,NA,"m1",FALSE
"1977",1977,"E_2",0,114,"m4",FALSE
"1978",1978,"E_5",0,99,"m4",FALSE
"1979",1979,"E_3",0,106,"m1",FALSE
"1980",1980,"E_4",1,103,"m2",FALSE
"1981",1981,"E_1",0,90,"m1",FALSE
"1982",1982,"E_4",1,93,"m5",FALSE
"1983",1983,"E_1",0,93,"m4",FALSE
"1984",1984,"E_2",0,88,"m2",FALSE
"1985",1985,"E_3",0,109,"m3",FALSE
"1986",1986,"E_2",0,94,"m3",FALSE
"1987",1987,"E_1",0,85,"m5",FALSE
"1988",1988,"E_5",1,98,"m2",FALSE
"1989",1989,"E_3",0,NA,"m2",FALSE
"1990",1990,"E_3",0,88,"m4",FALSE
"1991",1991,"E_1",1,93,"m2",FALSE
"1992",1992,"E_3",1,103,"m5",FALSE
"1993",1993,"E_4",1,105,"m2",FALSE
"1994",1994,"E_3",1,104,"m5",FALSE
"1995",1995,"E_2",0,112,"m4",FALSE
"1996",1996,"E_4",0,84,"m2",FALSE
"1997",1997,"E_5",0,99,"m5",FALSE
"1998",1998,"E_4",0,NA,"m2",FALSE
"1999",1999,"E_3",0,75,"m3",FALSE
"2000",2000,"E_3",0,99,"m4",TRUE
